s_id,lastname,firstname,birthyear,sex,nationality,last_club,pb,results
4295910,VAN DEN BROECK,Jeroen,1995,M,BEL,Zwemclub Brabo Antwerpen,52.11,t
4073171,SURGELOOSE,Glenn,1989,M,BEL,Zwemclub Brabo Antwerpen,47.21,t
4804871,VANLUCHENE,Emmanuel,1992,M,BEL,Gold Swimming Team,47.21,t
4796629,DE MEULEMEESTER,Sebastien,1998,M,BEL,Zwemclub Brabo Antwerpen,47.51,t
4804458,DEKONINCK,Dieter,1991,M,BEL,Zwemclub Brabo Antwerpen,47.91,t
4340386,THIJS,Thomas,1997,M,BEL,Zwemclub Geel,47.96,t
4074838,SYSTERMANS,Pholien,1990,M,BEL,Liege Mosan,48.01,t
4039027,GRANDJEAN,Yoris,1989,M,BEL,Liege Natation,48.03,t
4074831,HEERSBRANDT,Francois,1989,M,BEL,Cercle De Natation Sportcity W,48.08,t
4074507,CROENEN,Louis,1994,M,BEL,Shark,48.27,t
4367906,MARCOURT,Alexandre,1999,M,BEL,Tiense Regio United Swimming Team,48.33,t
4741068,EMO,Jerome,2000,M,BEL,Herstal Natation,48.44,t
4804382,POELS,Corentin,1987,M,BEL,Cercle De Natation Sportcity W,48.48,t
4405999,HENVEAUX,Lucas,2000,M,BEL,Liege Natation,48.65,t
4307831,VANGOETSENHOVEN,Dries,1997,M,BEL,Zwemclub Brabo Antwerpen,48.80,t
4295864,DEOLET,Timothy,1995,M,BEL,Meetjesland-Gent Alliantie Zwemteam,49.04,t
5314511,VERSCHOOTEN,Leo,2006,M,BEL,Belgium,49.04,t
4394937,BORISAVLJEVIC,Alexis,1997,M,BEL,Leuven Aquatics,49.06,t
4754026,DE SMEDT,Jesse,2000,M,BEL,Zwemclub Brabo Antwerpen,49.07,t
4921109,FRANCKX,Stan,2002,M,BEL,Tiense Regio United Swimming Team,49.12,t
4047263,WOUTERS,Thierry,1979,M,BEL,Belgium,49.14,t
4255114,WEIREMANS,Lorenz,1996,M,BEL,Zwemclub Brabo Antwerpen,49.19,t
4805380,DEPYPERE,Stijn,1991,M,BEL,Zwemclub Brabo Antwerpen,49.20,t
4062175,ROMANINI,Pierre-Yves,1985,M,BEL,Liege Natation,49.28,t
4305653,GERVAIS,Lucas,1996,M,BEL,Cercle Royal De Natation De Br,49.30,t
4827265,MEEUS,Elias,2003,M,BEL,Zwemclub Brabo Antwerpen,49.40,t
4029092,DREESEN,Renaat,1980,M,BEL,Belgium,49.63,t
4074365,VANDEVELDE,Axel,1991,M,BEL,Meetjesland-Gent Alliantie Zwemteam,49.70,t
4804710,DELVOIE,Cedric,1992,M,BEL,Ecole Seraing Natation,49.72,t
4074868,DE WILDE,Gilles,1990,M,BEL,Meetjesland-Gent Alliantie Zwemteam,49.84,t
4922787,LEROUX,Jef,2002,M,BEL,Meetjesland-Gent Alliantie Zwemteam,49.92,t
4804485,DE GEETER,Matthias,1991,M,BEL,Koninklijke Brugse Zwem- & Red,50.03,t
4299624,HOPCHET,Maxandre,1995,M,BEL,Les Cormorans Farciennois,50.12,t
5210516,VERRETH,Noah,2005,M,BEL,Meetjesland-Gent Alliantie Zwemteam,50.12,t
4439538,HEUNINCK,Maarten,2000,M,BEL,First (Flanders Inter Regio Sw,50.16,t
4804462,HELDERWEIRT,Sander,1991,M,BEL,Meetjesland-Gent Alliantie Zwemteam,50.19,t
4393639,RUELLE,Thibault,2000,M,BEL,Castor Club De Mons,50.19,t
4037319,GORIS,Wim,1984,M,BEL,Zwemclub Brabo Antwerpen,50.20,t
4805220,ANDRIEN,Maxime,1994,M,BEL,Ecole Seraing Natation,50.26,t
4563579,MARTENS,Noah,2000,M,BEL,Zwemclub Brabo Antwerpen,50.26,t
4037423,TIEGHEM,Kristof,1978,M,BEL,Koninklijke Kortrijkse Zwemkri,50.32,t
4394938,BORISAVLJEVIC,Valentin,1997,M,BEL,Leuven Aquatics,50.33,t
4295855,LAFORT,Iarre,1993,M,BEL,First (Flanders Inter Regio Sw,50.45,t
5092538,MABBE,Elian,2004,M,BEL,Ursus Zwemklub Zwevegem,50.45,t
4852852,HEBB,Xander,2003,M,BEL,Royal Ostend Swimming Club,50.52,t
4804893,LECOUTERE,Jeroen,1987,M,BEL,Brabant East Swimming Team,50.54,t
4139943,ZERAIDI,Issam,1992,M,BEL,Cercle Royal De Natation De Br,50.59,t
4074285,CORTENS,Ken,1993,M,BEL,Swimming Team Tienen,50.67,t
4393757,FRIPPIAT,Florian,1998,M,BEL,Natation Club Athus,50.68,t
4309070,TRAP,Alexander,1997,M,BEL,Zwemclub Brabo Antwerpen,50.69,t
4433318,SWILLEN,Timon,2000,M,BEL,Tiense Zwemmers,50.74,t
4691254,SEPYPERE,Stijn,1991,M,BEL,Belgium,50.80,t
4363352,DE GRAEVE,Birgen,1998,M,BEL,Leuven Aquatics,50.80,t
4307855,VANHUYS,Logan,1997,M,BEL,Royal Dauphins Mouscronnois,50.81,t
4426665,BRUSTEN,Arthur,1995,M,BEL,Entente Des Nageurs Louvierois Natation,50.83,t
4429472,CAMERLYNCK,Tim,1998,M,BEL,Gold Swimming Team,50.85,t
5169555,PETRE,Olivier,2006,M,BEL,Entente Des Nageurs Louvierois Natation,50.90,t
5002324,TALLOEN,Sander,2005,M,BEL,First (Flanders Inter Regio Sw,50.92,t
4828076,WYNS,Seppe,2002,M,BEL,Nijlense Zwemclub,50.94,t
4804807,MEIRHAEGHE,Jonas,1991,M,BEL,Brabant East Swimming Team,50.97,t
5167320,VAN HOOYDONCK,Vincent,2007,M,BEL,Zwemclub Brabo Antwerpen,51.01,t
4340382,VAN LOOY,Quinten,1999,M,BEL,Shark,51.02,t
4804636,VAN DER STRAETEN,Egon,1991,M,BEL,Zwemclub Brabo Antwerpen,51.03,t
4428563,SURGELOOSE,Owen,1999,M,BEL,Meetjesland-Gent Alliantie Zwemteam,51.04,t
5276804,VAN EGDOM,Wout,2008,M,BEL,Nijlense Zwemclub,51.06,t
5190526,VANSIELEGHEM,Killian,2005,M,BEL,Koninklijke Brugse Zwem- & Red,51.06,t
5017923,MULKENS,Bavo,2004,M,BEL,Tiense Regio United Swimming Team,51.09,t
4827870,VAN ROSSEM,Raf,2000,M,BEL,Zwemclub Brabo Antwerpen,51.14,t
4812901,AUSLOOS,Jens,2003,M,BEL,Koninklijke Aarschotse Zwemclub Schoonhoven,51.16,t
4565947,BIERBERG,Gregory,1998,M,BEL,Royal Verviers Natation,51.18,t
5203206,SPADEA,Tommaso,2008,M,BEL,Leuven Aquatics,51.18,t
4074289,HENDRICKX,Lander,1994,M,BEL,Brabant East Swimming Team,51.20,t
4299632,DEWULF,Gillian,1996,M,BEL,Koninklijke Kortrijkse Zwemkri,51.20,t
4620662,DE WEIRDT,Jan,2000,M,BEL,Swimming Team Aalter,51.23,t
4029543,CUYVERS,Ruud,1984,M,BEL,"Molse Zwemclub ""mozka""",51.24,t
4304903,DAL,Lucas,1999,M,BEL,Royal Dauphins Mouscronnois,51.24,t
4068846,NAVARRE,Charles,1993,M,BEL,Cercle Royal De Natation De Br,51.25,t
4052997,VERACHTEN,Stef,1983,M,BEL,"Molse Zwemclub ""mozka""",51.26,t
4858932,VANHOUCKE,Louka,2002,M,BEL,Belgium,51.26,t
4306238,LEMMENS,Tuur,1997,M,BEL,Koninklijke Hasseltse Zwemvere,51.80,t
4398035,KRUIJTZER,Bram,1997,M,BEL,Zwemclub Brabo Antwerpen,51.80,t
4804654,WIELANDT,Pieter,1993,M,BEL,First (Flanders Inter Regio Sw,51.80,t
4074510,WILLEMS,Mattias,1991,M,BEL,Shark,52.98,t
4929150,VATA,Gjon,2002,M,BEL,Cercle Royal De Natation De Br,51.28,t
4576651,LUYTEN,Sjobbe,1998,M,BEL,"Molse Zwemclub ""mozka""",51.29,t
4393284,ROETE,Jonas,1997,M,BEL,Meetjesland-Gent Alliantie Zwemteam,51.36,t
4972461,VAN KEER,Yoran,2003,M,BEL,Leuven Aquatics,51.37,t
4970432,LAUREYSSENS,Daniel,2004,M,BEL,Zwemclub Schoten,51.38,t
4038651,FONTEYN,Mathieu,1985,M,BEL,Koninklijke Brugse Zwem- & Red,51.39,t
4805294,DE BAETS,Thomas,1989,M,BEL,Meetjesland-Gent Alliantie Zwemteam,51.41,t
4139755,VANDAMME,Lowie,1994,M,BEL,Koninklijke Brugse Zwem- & Red,51.42,t
5435647,DRUANT,Andreas,2006,M,BEL,Bruinvissen Diksmuide,51.44,t
4805268,POELMANS,Willem,1994,M,BEL,Koninklijke Hasseltse Zwemvere,51.46,t
4307551,VAN DEN BROECK,Matthias,1992,M,BEL,Zwemclub Brabo Antwerpen,51.47,t
4839464,DE SWERDT,Niels,2007,M,BEL,Tiense Regio United Swimming Team,51.48,t
4938131,WEYTS,Milan,2004,M,BEL,Koninklijke Brugse Zwem- & Red,51.50,t
4804815,MATTELAER,Mathieu,1991,M,BEL,Gold Swimming Team,51.51,t
4427953,HOUSEN,Stef,2000,M,BEL,Zwemvereniging De Meerkoet Bre,51.51,t
4439711,VAN REGENMORTEL,Michiel,1994,M,BEL,Shark,51.52,t
4812893,CARCHON,Brecht,2003,M,BEL,Leuven Aquatics,51.53,t
4804391,ROBBE,Michael,1985,M,BEL,Gold Swimming Team,51.57,t
5046657,KALOGEROPOULOS,Zeno,2004,M,BEL,Zwemclub Brabo Antwerpen,51.57,t
4074504,BRYDENBACH,Hans,1987,M,BEL,Shark,51.59,t
4074687,VERPLANKEN,Jesper,1987,M,BEL,Zwemclub Tremelo,51.60,t
4805377,VANDEVELDE,Raf,1993,M,BEL,Swimming Team Tienen,51.62,t
4564607,VANDERSYPEN,Vincent,1999,M,BEL,Zwemclub Brabo Antwerpen,51.62,t
5092546,VAN CLEVEN,Thijs,2005,M,BEL,Koninklijke Brugse Zwem- & Red,51.62,t
4199952,VAN AUDEKERKE,Nils,1996,M,BEL,Temse Schelde Zwemmers,51.65,t
4307374,THIRY,Simon,1998,M,BEL,Ecole Seraing Natation,51.67,t
5343763,MAGREMANNE,Matheo,2008,M,BEL,Waterloo Natation,51.70,t
4029203,CLAEYS,Bruno,1982,M,BEL,Koninklijke Brugse Zwem- & Red,51.71,t
5346003,LAVIOLETTE,Simon,2008,M,BEL,Swimming Club Rixensart,51.73,t
4805082,VAN MECHELEN,Ken,1992,M,BEL,Arendonkse Zwemvereniging,51.74,t
4219612,AERTS-BANCKEN,Guillaume,1996,M,BEL,Liege Atlas Swimming Team,51.77,t
4936597,JANSSENS,Renzo,2002,M,BEL,Zwemclub Brabo Antwerpen,51.77,t
4863325,GRONDEL,Charles,2002,M,BEL,Tiense Regio United Swimming Team,51.77,t
4085511,KURZAK,Jeremy,1990,M,BEL,Mons Hainaut Natation,51.79,t
4805328,BONNEL,Nathan,1993,M,BEL,Braine L'alleud Aqua College,51.82,t
5105916,SNEYERS,Kobe,2006,M,BEL,Nijlense Zwemclub,51.82,t
4620619,DEREZ,Matthias,2000,M,BEL,Koninklijke Kortrijkse Zwemkri,51.83,t
5203185,TUYPENS,Emile,2007,M,BEL,First (Flanders Inter Regio Sw,51.84,t
4304707,CAERTS,Basten,1997,M,BEL,De Beringse Tuimelaars,51.87,t
4352042,MORIAU,Thibault,1999,M,BEL,Cercle De Natation Sportcity W,51.87,t
4199973,SPANHOVE,Lars,1996,M,BEL,Meetjesland-Gent Alliantie Zwemteam,51.89,t
4352047,FOURNEAU,Liam,2000,M,BEL,Castor Club De Mons,51.91,t
4073178,CATY,Quentin,1988,M,BEL,Cercle De Natation Sportcity W,51.92,t
5167359,MEES,Ruben,2006,M,BEL,Swimming Club Zaventem,51.93,t
4900525,OHN,Antoine,2002,M,BEL,Herstal Natation,51.93,t
4941444,VANSPAUWEN,Alexander,2003,M,BEL,Koninklijke Hasseltse Zwemvere,51.94,t
4927405,MEES,Brent,2003,M,BEL,Swimming Club Zaventem,51.97,t
4427736,DERYCKE,Jens,1993,M,BEL,Gold Swimming Team,51.99,t
4913529,GANTOIS,Olivier,2002,M,BEL,Meetjesland-Gent Alliantie Zwemteam,52.00,t
4140026,LENAERTS,Michael,1991,M,BEL,Cercle Royal De Natation De Br,52.01,t
5106643,SAIVE,Antoine,2004,M,BEL,Liege Natation,52.01,t
4804414,BAUWENS,Ward,1993,M,BEL,Zwemclub Brabo Antwerpen,52.05,t
4074305,BALLIU,Bjorn,1989,M,BEL,Zwemclub S.O.S.,52.06,t
4804504,CANON,Thomas,1991,M,BEL,Mons Hainaut Natation,52.10,t
4355425,THIRY,Gaetan,1995,M,BEL,Koninklijke Hasseltse Zwemvere,52.12,t
4680479,GULDENTOPS,Kevin,2000,M,BEL,Temse Schelde Zwemmers,52.12,t
5365216,BRACKE,Erno,2005,M,BEL,Zwemclub Brabo Antwerpen,52.12,t
4255126,BOURLIER,Vincent,1992,M,BEL,Waterloo Natation,52.16,t
4742581,DONATI,Alexandre,2001,M,BEL,Royal Verviers Natation,52.18,t
4305183,DECOSSAUX,Valentin,1995,M,BEL,Leuven Aquatics,52.18,t
4565976,HAEGEMAN,Jonas,1999,M,BEL,Aalsters Swimming Team,52.20,t
4805342,FRANCOTTE,Sebastien,1992,M,BEL,Cercle De Natation Sportcity W,52.21,t
4304714,CARREMANS,Maarten,1998,M,BEL,Swimming Team Zennevallei,52.21,t
4804381,VANGENEUGDEN,Rob,1984,M,BEL,Peltse Zwemclub,52.24,t
4828064,HOREMANS,Ruben,2001,M,BEL,Shark,52.24,t
4804319,FLOREAN,Remy,1986,M,BEL,Cercle De Natation Sportcity W,52.25,t
4827868,VAN ROMPAEY,Senne,2003,M,BEL,Zwemclub Brabo Antwerpen,52.25,t
4037287,BODET,Sebastien,1985,M,BEL,Liege Natation,52.27,t
4804712,LANDAUER,Olivier,1992,M,BEL,Liege Natation,52.29,t
4199875,DECLERCQ,Vincent,1996,M,BEL,Aquarius Zwemclub Lebbeke,52.29,t
4255145,COREELMAN,Jonas,1991,M,BEL,Royal Dauphins Mouscronnois,52.31,t
4330712,FEUILLEN,David,1999,M,BEL,Ecole Seraing Natation,52.31,t
4484572,MULKERS,Lander,2000,M,BEL,Koninklijke Hasseltse Zwemvere,52.33,t
4393627,WILLEMS,Bruno,1999,M,BEL,Zwemvereniging Lier,52.35M,t
4295892,VAN BOGAERT,Bram,1998,M,BEL,Shark,52.36,t
4804351,VAN DEN BRANDE,Bart,1986,M,BEL,Heistse Zwemclub Arduas,52.37,t
4439615,PARMENTIER,Bavo,1998,M,BEL,Koninklijke Brugse Zwem- & Red,52.37,t
4074862,SYSTERMANS,Simon,1987,M,BEL,Liege Mosan,52.95,t
4779182,BERGHMANS,Jens,2001,M,BEL,Zwemclub Schoten,52.96,t
4074405,URBANUS,Mathieu,1987,M,BEL,Nageurs Reunis Du Brabant Wallon,52.97,t
4225698,RYDANT,Hannes,1993,M,BEL,Meetjesland-Gent Alliantie Zwemteam,52.97,t
4081649,PEETERS,Tim,1987,M,BEL,Koninklijke Racing Swimming Cl,52.38,t
5015629,SCHOTTE,Edward,2005,M,BEL,Iswim,52.40,t
4578972,DE GRAAF,Christophe,1999,M,BEL,Zwemclub Schoten,52.42,t
5081014,DEMAJ,Valdrim,2003,M,BEL,Koninklijke Vilvoordse Zwemclu,52.42,t
5185651,VANHECKE,Raphael,2006,M,BEL,Liege Natation,52.42,t
4911097,VAN DEN HOORN,Jelle,2004,M,BEL,Zwemvereniging De Meerkoet Bre,52.42,t
4805351,DE HERTOG,Kjel,1991,M,BEL,Swimming Club Strombeek-Grimbe,52.43,t
4308674,DEMEY,Patrick Jr,1995,M,BEL,Meetjesland-Gent Alliantie Zwemteam,52.44,t
4605646,RUIJTEN,Sander,2001,M,BEL,Zwemvereniging De Meerkoet Bre,52.44,t
5137758,FEYAERTS,Floris,2005,M,BEL,Tiense Regio United Swimming Team,52.45,t
4068904,SORET,Bastien,1992,M,BEL,Dison Welkenraedt Swimming Tea,52.46,t
4139944,ZERAIDI,Mehdi,1994,M,BEL,Cercle Royal De Natation De Br,52.46,t
4804789,ROGIERS,Ken,1989,M,BEL,Koninklijke Racing Swimming Cl,52.47,t
4348842,XHONNEUX,Thomas,1998,M,BEL,Herstal Natation,52.48,t
4826636,GEUENS,Lars,2003,M,BEL,Leuven Aquatics,52.49,t
5203731,CLAERHOUT,Bas,2008,M,BEL,Torhoutse Zwemklub Thor,52.49,t
4040337,SDRAULIG,Jean-Luc,1972,M,BEL,Belgium,52.50M,t
4777815,BERGES,Jens,2001,M,BEL,Heistse Zwemclub Arduas,52.50,t
4303501,DE POORTER,Bram,1984,M,BEL,Meetjesland-Gent Alliantie Zwemteam,52.51,t
4361330,VERBEEK,Bram,1999,M,BEL,Koninklijke Hasseltse Zwemvere,52.51,t
4989642,MAES,Yarn,2003,M,BEL,Zwemclub Brabo Antwerpen,52.52,t
5278506,VAN HOEY BILLIET,Alexander,2009,M,BEL,Swimming Team Waasland,52.52,t
4842525,VAN SON,Lander,1999,M,BEL,Zwemclub Brabo Antwerpen,52.53,t
4139676,RUIJTEN,Dieter,1995,M,BEL,Zwemvereniging De Meerkoet Bre,52.54,t
5015443,KALLAERT,Dries,2002,M,BEL,Meetjesland-Gent Alliantie Zwemteam,52.55,t
4139827,VAN DER SANDE,Olivier,1993,M,BEL,Zwemvereniging Lier,52.56,t
5091288,PANAGIOTIDIS,Alexandre,2004,M,BEL,Waterloo Natation,52.56,t
4605671,DAEMS,Etienne,2001,M,BEL,Zwemclub Tremelo,52.58,t
4311946,DUBUC,Armand,1997,M,BEL,Les Espadons Cominois,52.59,t
5251197,KINDT,Levi,2007,M,BEL,Torhoutse Zwemklub Thor,52.60,t
4074849,JACQUERIE,Pierre,1988,M,BEL,Herstal Natation,52.61,t
4074308,VAN DAMME,Dennis,1991,M,BEL,First (Flanders Inter Regio Sw,52.63,t
4272297,LAFERE,Hannes,1991,M,BEL,Koninklijke Kortrijkse Zwemkri,52.63,t
4139683,DE CONINCK,Thieu,1994,M,BEL,Oudenaardse Zwemclub,52.63,t
5007866,COURBOIS,Thomas,2005,M,BEL,Liege Natation,52.63,t
4305496,EEKHOF,Maxime,1997,M,BEL,Zwemclub Tremelo,52.64,t
4308784,HERMANS,Janou,1998,M,BEL,Swimming Team Tienen,52.65,t
4804371,VANDER HOOGERSTRAETE,Tom,1987,M,BEL,Meetjesland-Gent Alliantie Zwemteam,52.66,t
4139773,LIDBY,Paul-Evert,1994,M,BEL,Zwemclub Brabo Antwerpen,52.67,t
4805222,EMONDS-ALT,Thibault,1993,M,BEL,Ecole Seraing Natation,52.68,t
4804293,KELDERMAN,Raf,1986,M,BEL,Zwemclub Brabo Antwerpen,52.69,t
4074293,VERSCHEURE,Nick,1990,M,BEL,Zwemclub Brabo Antwerpen,52.69,t
4608348,DEBLOCK,Lucas,2000,M,BEL,Ursus Zwemklub Zwevegem,52.70,t
4839493,MATTHEUS,Ibe,2005,M,BEL,Tiense Regio United Swimming Team,52.71,t
4742585,HUSQUINET,Paul,2002,M,BEL,Liege Mosan,52.73,t
4139867,CROUQUET,Adrien,1994,M,BEL,Natation Club Athus,52.77,t
4308858,LEMBRECHTS,Matthias,1995,M,BEL,Zwemclub Brabo Antwerpen,52.77,t
4074367,PETERS,Bert,1992,M,BEL,Meetjesland-Gent Alliantie Zwemteam,52.78,t
4296034,ROGGEMAN,Guillaume,1993,M,BEL,Waterloo Natation,52.78,t
4304622,BEIRNAERT,Jonas,1997,M,BEL,Swimming Team Waasland,52.79,t
4306751,ORIS,Stephane,1996,M,BEL,Zwemvereniging De Meerkoet Bre,52.79,t
4052093,MORTIER,Dieter,1982,M,BEL,Koninklijke Kortrijkse Zwemkri,52.81,t
4690205,LUST,Louis,2001,M,BEL,Aalterse Zwemvereniging,52.81,t
4608339,BRAEKEVELD,Tibo,2001,M,BEL,Ursus Zwemklub Zwevegem,52.81,t
4074337,VIDTS,Pieter-Jan,1987,M,BEL,First (Flanders Inter Regio Sw,52.82,t
4822314,BERX,Robbe,2003,M,BEL,Tiense Regio United Swimming Team,52.84,t
4804953,KRUG,Alexis,1987,M,BEL,Zwemclub Brabo Antwerpen,52.85,t
5031305,VANHOVE,Maxime,2005,M,BEL,Zwemclub Geel,52.85,t
5170705,VERMAUT,Arthur,2006,M,BEL,Leuven Aquatics,52.85,t
4046727,VANGENEUGDEN,Tom,1983,M,BEL,Peltse Zwemclub,52.87,t
4398128,DE GOLS,Senne,1998,M,BEL,Koninklijke Zwemclub Neptunus,52.87,t
5199444,LAUREYSSENS,Lukas,2008,M,BEL,Zwemclub Schoten,52.88,t
4989648,MEERE,Jarno,2003,M,BEL,"Zwemclub ""de Dolfijnen"" Asse-T",52.89,t
4439657,STAES,Thomas,2000,M,BEL,Shark,52.89,t
4804280,DUMON,Bart,1986,M,BEL,Brabant East Swimming Team,52.91,t
4711096,LEPERS,Robin,1999,M,BEL,Leuven Aquatics,52.91,t
4726077,DEJONGHE,Arnaud,2002,M,BEL,Zwemclub De Dolfijnen Middelke,52.91,t
4805245,VAN MULLEM,Lars,1994,M,BEL,Swimming Team Waasland,52.92,t
4170683,VAN KEER,Cedric,1984,M,BEL,Zwemclub Brabo Antwerpen,52.93,t
4074334,PEETERS,Nick,1991,M,BEL,Zwemclub Brabo Antwerpen,52.93,t
5185905,VAN THIELEN,Michel,1971,M,BEL,"Molse Zwemclub ""mozka""",52.94M,t
4359928,CLAESSENS,Lars,1996,M,BEL,Genker Zwemvereniging Neptunus,52.94,t
5027306,VANSIMAEYS,Wout,2005,M,BEL,Izegemse Krekel Zwemmers,52.94,t
5244429,BAETEN,Lukas,2007,M,BEL,Leuven Aquatics,52.94,t
4804979,BOURSIE,Philippe,1984,M,BEL,Csc La Calamine Neu-Moresnet,52.98,t
4989460,BARRAGAN TORRES,Lukas,2003,M,BEL,De Dolfijnen Zwemclub Zomergem,55.15,t
4804620,BASTIN,Cedric,1991,M,BEL,Embourg Natation,55.16,t
4074340,DEBAVEYE,Sam,1990,M,BEL,Zwemclub S.O.S.,52.99,t
5294336,DE SWERDT,Mathias,2008,M,BEL,Tiense Regio United Swimming Team,53.00,t
5179551,DANHIEUX,Tibe,2006,M,BEL,Zoro,53.01,t
4804380,FARDEAU,Julien,1985,M,BEL,Orca Natation Soignies,53.02,t
4139637,GIELENS,Joran,1994,M,BEL,Brabant East Swimming Team,53.03,t
4044310,TONUS,Frederic,1973,M,BEL,Liege Natation,53.03M,t
4763730,VAN DYCK,Bram,2002,M,BEL,Kempisch Swimming Team,53.03,t
5007852,VAN DROOGENBROECK,Niels,2003,M,BEL,Leuven Aquatics,53.03,t
5096987,ADAMS,Lucas,2004,M,BEL,Meetjesland-Gent Alliantie Zwemteam,53.04,t
4804606,DE MARE,Bavo,1992,M,BEL,Gold Swimming Team,53.05,t
4690188,CAMPS,Roeland,2001,M,BEL,Tiense Regio United Swimming Team,53.05,t
4913570,VAN ERMEN,Alexander,2004,M,BEL,"Zwemclub ""de Dolfijnen"" Asse-T",53.06,t
4804475,VAN ISEGHEM,Tom,1989,M,BEL,Zwemclub Brabo Antwerpen,53.07,t
4139672,VANHOLME,Pieter,1995,M,BEL,Dilbeekse Zwemvereniging,53.07,t
4139780,BIEREBEECK,Yoshi,1995,M,BEL,Zwemclub Brabo Antwerpen,53.07,t
4805034,CARRITT-KURTZAHN,Felix,1990,M,BEL,Longchamp Swimming Club Uccle,53.08,t
4917602,DEVOS,Abel,2003,M,BEL,Flanders Coast Swimmingteam,53.09,t
4804751,HANSEN,Marc,1988,M,BEL,"Molse Zwemclub ""mozka""",53.11,t
4226647,TERRYN,Julien,1993,M,BEL,Ronse Swimming Club,53.12,t
4295905,GYSEMBERG,Cedric,1991,M,BEL,Swimming Team Tienen,53.13,t
4037475,DORMAELS,Frederik,1979,M,BEL,Meetjesland-Gent Alliantie Zwemteam,53.17,t
4804782,MEIJLAERS,Tom,1992,M,BEL,Peltse Zwemclub,53.17,t
4139895,COTTIN,Arnaud,1993,M,BEL,Les Cormorans Farciennois,53.17,t
4295894,VAN DEN WIJNGAERT,Roel,1996,M,BEL,Shark,53.17,t
4068861,HERMAN,Quentin,1983,M,BEL,Cercle De Natation Sportcity W,53.19,t
4074861,DANIELS,Jordan,1988,M,BEL,Liege Mosan,53.20,t
4489338,DELBEKE,Gilles,1998,M,BEL,Oudenaardse Zwemclub,53.21,t
5000777,PINGITORE,Ilario,2005,M,BEL,Entente Des Nageurs Louvierois Natation,53.21,t
5431490,VANHAMEL,Yonas,2005,M,BEL,Koninklijke Zwemclub Olympic A,53.21,t
4225716,TAHON,Loic,1994,M,BEL,Swimming Club Wauterbos Rode,53.22,t
5295823,DE MUL,Tom,2005,M,BEL,Meetjesland-Gent Alliantie Zwemteam,53.25,t
4199988,KETELS,Gertjan,1996,M,BEL,Swimming Team Waasland,53.26,t
4971279,HEYRMAN,Tigo,2003,M,BEL,Zwemclub Brabo Antwerpen,53.26,t
5369830,CLAEYS,Pieter-Jan,2004,M,BEL,Aquarius Zwemclub Lebbeke,53.26,t
4395978,DURIEUX,Damien,1999,M,BEL,Cercle Royal De Natation De Br,53.27,t
5121737,LISSOIR,Colin,2005,M,BEL,Belgium,53.27,t
4012075,VANDAMME,Hugo,2003,M,BEL,Royal Dauphins Mouscronnois,53.28,t
5084777,DO,Duy Thang Tanguy,2000,M,BEL,"Blocry, Ottignies Et Univ.L.L.",53.28,t
4863809,TAIS,Charles,2004,M,BEL,"Blocry, Ottignies Et Univ.L.L.",53.29,t
4805251,MAES,Daan,1994,M,BEL,Zwemclub Geel,53.30,t
5199964,VAN WELLEN,Joseph,2008,M,BEL,Hoogstraten Zwemteam,53.30,t
4305562,FEYAERTS,Carlos,1997,M,BEL,Brabant East Swimming Team,53.31,t
4792479,GREGOIRE,Juan,2001,M,BEL,Entente Des Nageurs Louvierois Natation,53.31,t
4038017,BAVAY,Cedric,1978,M,BEL,Cercle Royal De Natation Arlonais,53.32,t
4365741,COLPAERT,Kenzo,1997,M,BEL,Meetjesland-Gent Alliantie Zwemteam,53.32,t
4555270,BISENIUS,Rayan,2000,M,BEL,Ecole De Natation Waremmienne,53.32,t
5278521,CIOMMO,Alessander,2008,M,BEL,Tiense Regio United Swimming Team,53.33,t
4609947,MARCENIUK,Bjorn,1999,M,BEL,Koninklijke Hasseltse Zwemvere,53.34,t
4393081,WITTEVRONGEL,Jorik,1999,M,BEL,Meetjesland-Gent Alliantie Zwemteam,53.34,t
5206541,DUMONT,Cyril,2007,M,BEL,Longchamp Swimming Club Uccle,53.34,t
4225832,MEEUSEN,Fabian,1998,M,BEL,Belgium,53.35,t
4305237,DELFERIERE,Alan,1998,M,BEL,Swimming Club Strombeek-Grimbe,53.35,t
4308633,DE MUNCK,Milan,1995,M,BEL,Swimming Team Tienen,53.37,t
4748268,COOREVITS,Simon,2001,M,BEL,Ursus Zwemklub Zwevegem,53.37,t
4805417,VERMEERSCH,Lorenz,1991,M,BEL,Brabant East Swimming Team,53.38,t
4074509,VERVLOET,Mathias,1991,M,BEL,Zwemclub Brabo Antwerpen,53.41,t
4439703,VAN LIERDE,Thomas,1999,M,BEL,Koninklijke Zwemclub Neptunus,53.41,t
4139863,SZABO,Robin,1996,M,BEL,Chaudfontaine Thermale Natatio,53.42,t
4393268,COOLSAET,Guillaume,1999,M,BEL,Gold Swimming Team,53.42,t
4299664,VAN BUGGENHOUT,Koen,1982,M,BEL,Brabant East Swimming Team,53.43,t
4309670,PIERARD,Geoffrey,1998,M,BEL,Cercle Royal De Natation De Huy,53.43,t
5167332,VRANKEN,Bartel,2007,M,BEL,Zwemvereniging De Meerkoet Bre,53.43,t
4026735,THYVELEN,Wout,2006,M,BEL,Bruinvissen Diksmuide,53.43,t
4307807,VANDERMAESEN,Kevin,1997,M,BEL,Brabant East Swimming Team,53.44,t
4140048,VAN HOORDE,Jonas,1989,M,BEL,Zwemclub Brabo Antwerpen,53.45,t
4098767,ZADWORNY,Michael,1986,M,BEL,Ecole Seraing Natation,53.45,t
4134600,RUSOVICI,Marius,1985,M,BEL,Swimming Arlon Bastogne,53.46,t
4082796,RENARD,Gilles,1989,M,BEL,Val De Mehaigne Natation Wanze,53.48,t
4407727,VAN DEN BERGH,Floriaan,1999,M,BEL,Zwemclub Lorelei Londerzeel,53.48,t
4579950,HERION,Martin,2001,M,BEL,Liege Mosan,53.48,t
4702837,CALLEWAERT,Niels,2000,M,BEL,Zwemclub Brabo Antwerpen,53.48,t
5001423,VERBEEK,Sem,2004,M,BEL,Shark,53.48,t
4306752,ORIS,Tim,1998,M,BEL,Zwemvereniging De Meerkoet Bre,53.48,t
5259163,KYRIAKIDES,Niels,2004,M,BEL,Cercle De Natation Sportcity W,53.49,t
4308817,JORISSEN,Jolan,1993,M,BEL,Zwemclub Brabo Antwerpen,53.50,t
4822327,ONGENAE,Dries,2000,M,BEL,Gold Swimming Team,53.50,t
5179522,GOETHALS,Matthis,2006,M,BEL,Swimming Team Aalter,53.50,t
4804880,JURGENS,Thomas,1992,M,BEL,Zwemvereniging Lier,53.51,t
4074377,DEMAN,Kristof,1989,M,BEL,Meetjesland-Gent Alliantie Zwemteam,55.17,t
4825690,DEVILLE,Louis,2003,M,BEL,Perron,53.51,t
4307444,TUEZNEY,Stijn,1996,M,BEL,Zwemclub Brabo Antwerpen,53.53,t
4417718,SNEYERS,Liam,2008,M,BEL,Nijlense Zwemclub,53.53,t
4805298,DE VRIENDT,Karel,1994,M,BEL,Meetjesland-Gent Alliantie Zwemteam,53.55,t
4805277,JANSOONE,Jorn,1990,M,BEL,Koninklijke Kortrijkse Zwemkri,53.57,t
4804831,CREVITS,Jonas,1991,M,BEL,Swimming Team Zennevallei,53.57,t
4393621,AERTS,Joao,1994,M,BEL,"Molse Zwemclub ""mozka""",53.58,t
4733777,HERTELEER,Jonas,2001,M,BEL,Meetjesland-Gent Alliantie Zwemteam,53.58,t
4605624,DE MEY,Largo,2001,M,BEL,Swimming Club Strombeek-Grimbe,53.58,t
4804328,DOLFEN,Stijn,1988,M,BEL,Flanders Coast Swimmingteam,53.59,t
4804583,THIRY,Jeremy,1992,M,BEL,Flipper Natation Club Saint-Ge,53.59,t
4825715,BERTRAND,Amaury,1999,M,BEL,Castor Club De Mons,53.59,t
4779005,DOBBELAERE,Sam,2001,M,BEL,Leuven Aquatics,53.59,t
4303586,LEMMENS,Freek,1977,M,BEL,Zwemvereniging De Meerkoet Bre,53.60,t
4725887,PEETERS,Yentl,2000,M,BEL,Zwemclub Maasmechelen,53.60,t
4074943,DELCOMINETTE,Cedric,1990,M,BEL,Val De Mehaigne Natation Wanze,53.61,t
4804281,LAMAIRE,Dimitri,1988,M,BEL,Swimming Team Tienen,53.61,t
4199852,VERVOORT,Kevin,1991,M,BEL,Zwemclub Brabo Antwerpen,53.62,t
4638740,MOYAERT,Theodore,2001,M,BEL,Iswim,53.62,t
4804916,PROVOST,Cyr,1983,M,BEL,Meetjesland-Gent Alliantie Zwemteam,53.63,t
4428095,MESKENS,Dries,1999,M,BEL,Aquarius Zwemclub Lebbeke,53.64,t
4733796,VAN DER VENNET,Marco,2002,M,BEL,Swimming Team Zennevallei,53.64,t
4841294,MARICHAL,Jarno,2003,M,BEL,Zwemclub Brabo Antwerpen,53.64,t
4692249,HESSENS,Tristan,2007,M,BEL,Liege Mosan,53.64,t
4074698,CLAES,Steven,1991,M,BEL,Zwemclub Tremelo,53.65,t
4199882,CLAES,Philippe,1993,M,BEL,Koninklijke Aarschotse Zwemclub Schoonhoven,53.65,t
5172935,DE WINTER,Yarno,2006,M,BEL,Zwemclub Brabo Antwerpen,53.66,t
5139690,VERVLOET,Ruwen,2004,M,BEL,Zwemclub Brabo Antwerpen,53.67,t
5004107,SERVERIUS,Jordi,2001,M,BEL,Meetjesland-Gent Alliantie Zwemteam,53.68,t
5209458,TOPBAG,Sami,2005,M,BEL,Cercle Royal De Natation De Br,53.68,t
4073174,CHRISTOPHE,Laurent,1989,M,BEL,Longchamp Swimming Club Uccle,53.70,t
5321560,VAN DEN BOSSCHE,Guillaume,2006,M,BEL,Koninklijke Brugse Zwem- & Red,53.70,t
4359660,DAVID,Mathieu,1995,M,BEL,Waterloo Natation,53.71,t
4309500,SOARES ALMEIDA,Arno,1986,M,BEL,Brabant East Swimming Team,53.72,t
4299660,VAN BREUSEGEM,Mathias,1992,M,BEL,Zwemvereniging Wetthra Wettere,53.72,t
5321411,THIEBAUT,Noah,2008,M,BEL,Swimming Team Zennevallei,53.72,t
5198161,VAN HUMBEECK,Sean,2005,M,BEL,Koninklijke Brugse Zwem- & Red,53.73,t
5015434,LABAERE,Levi,2001,M,BEL,Koninklijke Kortrijkse Zwemkri,53.74,t
5179518,HUYGHELIER,Loek,2004,M,BEL,Meetjesland-Gent Alliantie Zwemteam,53.75,t
4330708,AERTS-BANCKEN,Martin,1998,M,BEL,Liege Atlas Swimming Team,53.76,t
4731906,LIEKENS,Jasper,2002,M,BEL,Shark,53.76,t
5102973,PEETERS,Ruben,2004,M,BEL,Swimming Club Zaventem,53.77,t
4074959,DEFRUYT,Tom,1989,M,BEL,Koninklijke Kortrijkse Zwemkri,53.78,t
4340454,RIBBENS,Jonathan,1998,M,BEL,Flanders Coast Swimmingteam,53.78,t
4805369,EYERS,Simon,1990,M,BEL,Swimming Team Tienen,53.79,t
4565866,VRANCKX,Bjarne,1999,M,BEL,Brabant East Swimming Team,53.79,t
4804481,BILLIAU,Davy,1992,M,BEL,Koninklijke Brugse Zwem- & Red,53.80,t
4139706,COOLS,Bram,1994,M,BEL,Koninklijke Hasseltse Zwemvere,53.82,t
4615251,VERHAEGHE,Niels,1997,M,BEL,Koninklijke Kortrijkse Zwemkri,53.83,t
4427654,GROSEMANS,Arno,1999,M,BEL,Heistse Zwemclub Arduas,53.83,t
5109187,MOENS,Julien,2005,M,BEL,Schwimmverein Delphin Eupen,53.84,t
5389070,BELL,Alexander,2005,M,BEL,Cercle De Natation Sportcity W,53.84,t
5203765,VAN WAELDEREN,Thomas,2005,M,BEL,Westerlo Swimming Team,53.84,t
4613943,DI BATTISTA,Alessandro,2000,M,BEL,Swimming Club Wauterbos Rode,53.85,t
4139718,VAN HOOREBEECK,Sam,1994,M,BEL,Zwemclub Lorelei Londerzeel,53.86,t
4805092,ETIENNE,Tom,1994,M,BEL,Koninklijke Hasseltse Zwemvere,53.86,t
5167326,WYNANTS,Ron,2006,M,BEL,Shark,53.86,t
4307042,ROSIERS,Jeroen,1995,M,BEL,Zwemclub Kapelle-O/D-Bos,53.87,t
4680497,DRICOT,Philippe,1996,M,BEL,Zwemclub Brabo Antwerpen,53.87,t
4140046,DE BACKER,Nick,1989,M,BEL,Zwemclub Brabo Antwerpen,53.88,t
4565877,BERX,Jonas,2000,M,BEL,Swimming Team Tienen,53.88,t
4805333,PARISIS,Laurent,1990,M,BEL,Swimming Club Rixensart,53.89,t
4929127,CROMBEL,Theo,2003,M,BEL,Perron,53.89,t
4010014,DENISON,Antoine,2002,M,BEL,Belgium,53.89,t
4702867,HEYE,Arko,2000,M,BEL,Swimming Team Zennevallei,53.91,t
4842495,HEYERICK,Jens,2003,M,BEL,Koninklijke Kortrijkse Zwemkri,53.91,t
4804306,HANOT,Julien,1985,M,BEL,Charleroi Helios Aqua Team,53.92,t
4299631,LEMMENS,Tibo,1993,M,BEL,Koninklijke Hasseltse Zwemvere,53.93,t
5102970,SCHRAM,Thor,2005,M,BEL,Meetjesland-Gent Alliantie Zwemteam,53.93,t
4299656,DELFOSSE,Constant,1995,M,BEL,Zwemclub Tremelo,53.94,t
4278927,MEYER de,Diego,1995,M,BEL,Belgium,53.94,t
4682540,BRAECKMANS,Louis,2001,M,BEL,Zwemclub Schoten,53.94,t
4610122,MARICHAL,Seppe,2001,M,BEL,Leuven Aquatics,53.95,t
5179538,DEBECKER,Thomas,2004,M,BEL,Zwemclub De Dolfijnen Middelke,53.95,t
4299673,DAELMAN,Gregory,1989,M,BEL,Zwemvereniging Wetthra Wettere,53.96,t
4095500,GILSON,Cedric,1987,M,BEL,Royal Verviers Natation,53.97,t
4199999,VERMEIREN,Bert,1993,M,BEL,Temse Schelde Zwemmers,53.97,t
4074496,VAN BOGAERT,Bert,1991,M,BEL,Shark,53.97,t
4309508,VANDENDRIESSCHE,Stan,1998,M,BEL,Koninklijke Kortrijkse Zwemkri,55.26,t
4804416,CLAESSENS,Matthias,1990,M,BEL,Arvicola Zwemclub Kalmthout,53.99,t
4875315,WILLEMS,Mattias,1987,M,BEL,Provincie Antwerpen,53.99,t
4346909,STOFFE,Lucas,1998,M,BEL,"Zwemclub ""de Dolfijnen"" Asse-T",53.99,t
4995008,REMACLE,Hugo,2003,M,BEL,Nautic Club Herve,53.99,t
4039014,MEYERS,Sepp,1987,M,BEL,Sportvereniging Aartselaar Zwe,54.00,t
4305492,DUYVEJONCK,Emiel,1998,M,BEL,Koninklijke Kortrijkse Zwemkri,54.00,t
4805025,NUYES,Kevin,1985,M,BEL,Zwemclub Brabo Antwerpen,54.01,t
4304548,SORET,Lucas,1997,M,BEL,Pole Swimming Liege,54.01,t
4882308,BARK,Luca,2000,M,BEL,Aalsters Swimming Team,54.01,t
5302982,CHRISTIAENS,Stijn,2006,M,BEL,Torhoutse Zwemklub Thor,54.01,t
4804783,STALMANS,Jef,1992,M,BEL,Peltse Zwemclub,54.02,t
4893104,SCHRYVER de,Noah,2001,M,BEL,Koninklijke Zwemclub Neptunus,54.02,t
4074843,HAMERS,Niels,1988,M,BEL,Genker Zwemvereniging Neptunus,54.04,t
5003031,GARRAUX,Alois,2003,M,BEL,Perron,54.04,t
4415402,MOORS,Eli-Emmanuel,2007,M,BEL,"Lommelse Zwemvereniging ""de Lo",54.04,t
4972162,DOS SANTOS,Sam,1998,M,BEL,Cercle Royal De Natation De Br,54.05,t
4812923,VAERNEWYCK,Xander,1999,M,BEL,Koninklijke Kortrijkse Zwemkri,54.05,t
4304904,DAL,Thomas,1997,M,BEL,Royal Dauphins Mouscronnois,54.05,t
4777270,WEYTS,Yaron,2002,M,BEL,Temse Schelde Zwemmers,54.05,t
5004068,DESARD,Rob,2002,M,BEL,Zwemclub Kapelle-O/D-Bos,54.05,t
4984908,GOBERT,Sam,2002,M,BEL,Meetjesland-Gent Alliantie Zwemteam,54.06,t
5342236,VAN REMOORTERE,Jasper,2009,M,BEL,Swimming Team Waasland,54.06,t
4942805,VAN DE SOMPEL,Jarne,2004,M,BEL,Swimming Team Aalter,54.06,t
5084790,LOVENS,Florentin,2006,M,BEL,Liege Natation,54.07,t
5098405,HEBB,Quinten,2005,M,BEL,Royal Ostend Swimming Club,54.08,t
4037469,DOLFEN,Jeroen,1986,M,BEL,First (Flanders Inter Regio Sw,54.09,t
4804439,VANGERVEN,Pieterjan,1989,M,BEL,Brabant East Swimming Team,54.09,t
4804398,GOOSSENS,Tim,1987,M,BEL,Swimming Team Waasland,54.09,t
4804292,HERMANS,Steven,1984,M,BEL,Zwemclub Brabo Antwerpen,54.10,t
5144539,KHERBOUCHE,Jad,2006,M,BEL,Perron,54.10,t
4804409,AERNOUT,Steve,1984,M,BEL,Zwemclub Tieltse Zeeduivels,54.11,t
4336757,MEYS,Lander,1996,M,BEL,Zwemclub Brabo Antwerpen,54.11,t
5165833,GILSOUL,Sebastien,2005,M,BEL,Namur Olympic Club,54.11,t
4308041,VINCKE,Warre,1998,M,BEL,"Zwemclub ""de Dolfijnen"" Asse-T",54.12,t
4777816,BLANKERS,Gaetan,2000,M,BEL,Zwemclub Brabo Antwerpen,54.12,t
5317384,VAN BALLAER,Viktor,2008,M,BEL,Zwemclub Geel,54.12,t
4304631,BERGER,Francois,1998,M,BEL,Ecole De Natation Waremmienne,54.13,t
4937007,RAYMAEKERS,Robbert,1998,M,BEL,Leuven Aquatics,54.13,t
4827956,DIAZ,Jordi,2001,M,BEL,Genker Zwemvereniging Neptunus,54.13,t
4938113,KARKOUR,Rayan,2002,M,BEL,Koninklijke Vilvoordse Zwemclu,54.13,t
4139793,MEGANCK,Gaetan,1995,M,BEL,Swimming Team Waasland,54.14,t
4362850,LECLERCQ,Nils,2000,M,BEL,Csc La Calamine Neu-Moresnet,54.14,t
4792497,DAZY,Max,2000,M,BEL,Cercle Royal De Natation Arlonais,54.14,t
4812917,GUILLEMYN,Lucas,2003,M,BEL,Koninklijke Kortrijkse Zwemkri,54.15,t
4305372,DEWULF,Tjorven,1998,M,BEL,Koninklijke Kortrijkse Zwemkri,54.16,t
5172941,VANDAMME,Thijs,2005,M,BEL,Gold Swimming Team,54.16,t
4804752,KENIS,Pieter,1988,M,BEL,"Molse Zwemclub ""mozka""",54.17,t
4804560,DE WETTER,Gilles,1991,M,BEL,Royal Ostend Swimming Club,54.17,t
4804584,THIRY,Thomas,1990,M,BEL,Flipper Natation Club Saint-Ge,54.19,t
4826649,LUST,Henri,2003,M,BEL,Aalterse Zwemvereniging,54.19,t
4074515,LIEVENS,Stijn,1986,M,BEL,Shark,54.20,t
5002343,VERBIST,Stijn,2004,M,BEL,Swimming Team Waasland,54.20,t
4804806,LECOUTERE,Maarten,1991,M,BEL,Swimming Team Tienen,54.22,t
4804964,GYSSENS,Maarten,1987,M,BEL,Zwemclub Brabo Antwerpen,54.22,t
4136860,BOUCHIER,Robin,1993,M,BEL,Meetjesland-Gent Alliantie Zwemteam,54.22,t
4199825,BOLCKMANS,Lenz,1993,M,BEL,Kempisch Swimming Team,54.22,t
4922782,SPLEERS,Mauro,2003,M,BEL,First (Flanders Inter Regio Sw,54.22,t
4804379,BAELUS,Wouter,1987,M,BEL,Arendonkse Zwemvereniging,54.24,t
4398052,RAES,Lou,1999,M,BEL,Zwemclub Lorelei Londerzeel,54.24,t
4481810,BIAD,Mehdi,2003,M,BEL,Mons Hainaut Natation,54.24,t
5349295,STRUYVELT,Arne,2008,M,BEL,Meetjesland-Gent Alliantie Zwemteam,54.25,t
4303697,VAN BUGGENHOUT,Kris,1983,M,BEL,Brabant East Swimming Team,54.26,t
4305517,EMBRECHTS,Victor,1997,M,BEL,Zwemclub Brabo Antwerpen,54.26,t
4882373,JACOBS,Ben,2002,M,BEL,Lokerse Zwemvereniging,54.26,t
5294341,VAN DER BRUGGEN,Nathan,2007,M,BEL,Flemish Ardennes Swimming Team,54.26,t
5120440,CATRY,Arne,2006,M,BEL,Zwemclub Tremelo,54.26,t
4029553,SWIERS,Jago,1984,M,BEL,Zwemclub Brabo Antwerpen,54.27,t
4299630,JORIS,Wesley,1996,M,BEL,Koninklijke Hasseltse Zwemvere,54.27,t
4397868,LELIEVRE-DAMIT,Jonas,1997,M,BEL,Swimming Team Tienen,54.27,t
5422886,VAN DE PERRE,Arne,2005,M,BEL,Dendermondse Zwemvereniging Ol,54.27,t
4439539,HEUNINCK,Stijn,2000,M,BEL,First (Flanders Inter Regio Sw,54.29,t
5138711,JANSSEN,Senne,1999,M,BEL,De Beringse Tuimelaars,54.31,t
4971282,WANTEN,Bernd,2004,M,BEL,Zwemclub Brabo Antwerpen,54.31,t
4913579,OKENS,Jari,2003,M,BEL,Zwemclub Kapelle-O/D-Bos,54.31,t
4804274,PEX,Daan,1986,M,BEL,Koninklijke Aarschotse Zwemclub Schoonhoven,54.32,t
4085687,KEBRON,Quentin,1992,M,BEL,Ecole Seraing Natation,54.32,t
4804809,BREDA,Simon,1991,M,BEL,Gold Swimming Team,54.32,t
4929093,CHAREF,Billal,2002,M,BEL,Herstal Natation,54.32,t
5196344,JORIS,Pierre,2006,M,BEL,Jod,54.33,t
4068856,COLLARD,Nicolas,1989,M,BEL,Cercle De Natation Sportcity W,54.50,t
4813244,LEROY,Theo,2000,M,BEL,Les Espadons Cominois,54.50,t
4136859,BAECKE,Gregory,1990,M,BEL,Meetjesland-Gent Alliantie Zwemteam,55.29,t
4074283,HENDRICKX,Hans,1988,M,BEL,Brabant East Swimming Team,54.34,t
4805340,UMANS,Bjorn,1994,M,BEL,Peltse Zwemclub,54.34,t
4309470,DE COSTER,Robbe,1998,M,BEL,Meetjesland-Gent Alliantie Zwemteam,54.34,t
4921113,SEMPELS,Gilles,2002,M,BEL,Swimming Team Tienen,54.34,t
4305878,HIMPE,Jannes,1998,M,BEL,Gold Swimming Team,54.34,t
5052986,GEBRUERS,Alex,2005,M,BEL,Zwemvereniging Lier,54.34,t
5196469,KNOCKAERT,Finn,2005,M,BEL,Koninklijke Kortrijkse Zwemkri,54.34,t
5179547,VANTHOURNOUT,Xander,2006,M,BEL,Zwemclub Geel,54.34,t
4136869,VERMEIRE,Nathan,1993,M,BEL,Meetjesland-Gent Alliantie Zwemteam,54.35,t
4308871,LOGGHE,Anthony,1997,M,BEL,Gold Swimming Team,54.35,t
4805221,EMONDS-ALT,Gauthier,1991,M,BEL,Ecole Seraing Natation,54.36,t
4805243,VAN AUDEKERKE,Jens,1993,M,BEL,Temse Schelde Zwemmers,54.37,t
4200242,VAN BELLE,Nils,1993,M,BEL,Dilbeekse Zwemvereniging,54.37,t
4136890,VERACHTERT,Ruben,1995,M,BEL,Shark,54.37,t
4406390,COUPE,Thomas,1997,M,BEL,Royal Dauphins Mouscronnois,54.37,t
5091177,BULBO,Noah,2003,M,BEL,Entente Des Nageurs Louvierois Natation,54.37,t
5165819,LOURTIE,Clement,2007,M,BEL,Nautic Club Herve,54.37,t
4439425,DAEL,Simon,1999,M,BEL,Zwemclub Brabo Antwerpen,54.38,t
5213854,STOX,Bram,2008,M,BEL,Koninklijke Hasseltse Zwemvere,54.38,t
5199470,DESMET,Milan,2003,M,BEL,Koninklijke Waregemse Zwemclub,54.38,t
4306660,NAETS,Robby,1997,M,BEL,Zwemclub Brabo Antwerpen,54.39,t
4307944,VERDOODT,Alexis,1998,M,BEL,Swimming Club Strombeek-Grimbe,54.39,t
4620253,CARYN,Mathys,2002,M,BEL,Royal Dauphins Mouscronnois,54.39,t
4074870,DEKEIN,Dries,1987,M,BEL,Meense Zwemkring,54.40,t
4729524,VAN SYNGHEL,Noah,2002,M,BEL,First (Flanders Inter Regio Sw,54.40,t
4658426,SCAPIN,Nicolas,1999,M,BEL,Nautic Club Herve,54.41,t
4897341,VLAMIJNCK,Robin,2003,M,BEL,Swimming Team Aalter,54.42,t
4941438,JASPERS,Sven,2003,M,BEL,Koninklijke Hasseltse Zwemvere,54.43,t
4295879,ROGIERS,Gil,1990,M,BEL,Koninklijke Racing Swimming Cl,54.44,t
4334616,SCHEPENS,Andreas,1999,M,BEL,Aalterse Zwemvereniging,54.44,t
4895733,KENIS,Lander,2001,M,BEL,Zwemclub Geel,54.44,t
4828090,VANDERHULST,Kasper,2000,M,BEL,Tiense Regio United Swimming Team,54.44,t
5210854,DUFAYS,Louis,2004,M,BEL,Longchamp Swimming Club Uccle,54.44,t
5183340,MAJEAN,Wout,2007,M,BEL,Zwemclub Brabo Antwerpen,54.44,t
4804310,SERRE,Laurent,1980,M,BEL,Club De Natation Bastogne,54.45,t
4804347,DE NEVE,Robin,1988,M,BEL,Genker Zwemvereniging Neptunus,54.46,t
4805093,TIMMERMANS,Roel,1993,M,BEL,Swimming Team Tienen,54.46,t
4000641,VAN DEN NOORTGATE,Rob,2000,M,BEL,Belgium,54.46,t
4804333,METTENS,Dieter,1989,M,BEL,Dilbeekse Zwemvereniging,54.47,t
4308501,BAERT,Nils Arne,1994,M,BEL,Royal Ostend Swimming Club,54.47,t
5089920,VYNCKE,Milan,2003,M,BEL,Meetjesland-Gent Alliantie Zwemteam,54.47,t
4139638,GIELKENS,Stephane,1994,M,BEL,Brabant East Swimming Team,54.48,t
4295851,BUWALDA,Ide,1996,M,BEL,Zwemvereniging De Meerkoet Bre,54.49,t
5203180,GEERINCKX,Arne,2004,M,BEL,Meetjesland-Gent Alliantie Zwemteam,54.50,t
4805238,GONDA,Tommy,1994,M,BEL,Flipper Natation Club Saint-Ge,54.51,t
4139832,VISEE,Loic,1995,M,BEL,Barracuda Club Saint-Ghislain,54.51,t
4917613,VANDE CASTEELE,Bjarne,2004,M,BEL,Gold Swimming Team,54.51,t
4804291,GEERAERTS,Olivier,1984,M,BEL,Zwemclub Brabo Antwerpen,54.52,t
4295856,NOENS,Gertjan,1993,M,BEL,First (Flanders Inter Regio Sw,54.52,t
4804906,VERMOORTELE,Frederik,1985,M,BEL,Koninklijke Kortrijkse Zwemkri,54.53,t
4805059,MEURISSE,Antoine,1988,M,BEL,Ronse Swimming Club,54.55,t
5177156,AL TUWAIJARI,Mustafa,2002,M,BEL,Zwemclub Brabo Antwerpen,54.55,t
4136862,DE GROOTE,Evert,1987,M,BEL,Meetjesland-Gent Alliantie Zwemteam,54.56,t
5198168,GOOSSENS,Torsten,2005,M,BEL,Lokerse Zwemvereniging,54.56,t
4185207,HAVEAUX,Timothy,1984,M,BEL,"Zwemclub ""de Dolfijnen"" Asse-T",54.57,t
4804700,SALENBIEN,Wout,1990,M,BEL,Koninklijke Kortrijkse Zwemkri,54.57,t
4309174,VANEYSENDEYK,Toon,1997,M,BEL,Shark,54.57,t
4565886,VAN SAS,Stijn,2000,M,BEL,Zwemclub Tremelo,54.57,t
4897340,VERHAEGHE,Robbe Does,2001,M,BEL,Koninklijke Kortrijkse Zwemkri,54.57,t
5029678,BOUDCHICH,Ilyas,2002,M,BEL,Meetjesland-Gent Alliantie Zwemteam,54.57,t
4199967,DE MUYNCK,Noah,1996,M,BEL,Meetjesland-Gent Alliantie Zwemteam,54.57,t
4804588,DONCHE,Julien,1988,M,BEL,Royal Dauphins Mouscronnois,54.58,t
4804406,DEGENS,Jelle,1990,M,BEL,Genker Zwemvereniging Neptunus,54.58,t
4074402,CABU,Jeremy,1992,M,BEL,Cercle De Natation Sportcity W,54.58,t
4804395,ESTE,Romain,1987,M,BEL,Royal Verviers Natation,54.59,t
4863318,DEN HAESE,Milan,1998,M,BEL,Zwemvereniging De Meerkoet Bre,54.59,t
4935606,VERSCHUEREN,Siebe,2004,M,BEL,Zwemclub Brabo Antwerpen,54.59,t
5196569,ROMBOUTS,Leonard,2007,M,BEL,Swimming Club Zaventem,54.59,t
4199902,BISSCHOP,Bert,1996,M,BEL,Koninklijke Brugse Zwem- & Red,54.60,t
5003030,DETHIER,Emerick,2002,M,BEL,Ecole Seraing Natation,54.60,t
5092519,KOPRIVA,Ilio,2006,M,BEL,De Beringse Tuimelaars,54.60,t
4304440,BRANDT,Jeroen,1997,M,BEL,Gold Swimming Team,54.61,t
4758373,VANDERSCHRICK,Stephan,2000,M,BEL,Koninklijke Brugse Zwem- & Red,54.61,t
4649000,WOUTERS,Cas,2006,M,BEL,Zwemclub Brabo Antwerpen,54.62,t
4748266,VERELZEN,Robbe,2002,M,BEL,Koninklijke Kortrijkse Zwemkri,54.62,t
4303622,NEUBERG,Olivier,1982,M,BEL,Ecole Saint-Vith Natation,54.63,t
5208840,VAN GROENIGEN,Karsten,2008,M,BEL,Swimming Team Zennevallei,55.66,t
4645941,LOONES,Matthias,1997,M,BEL,Meetjesland-Gent Alliantie Zwemteam,54.87,t
5265887,RAHIR,Arno,2006,M,BEL,Espadon Leuze Natation,54.87,t
4074968,UWAERTS,Michiel,1989,M,BEL,Zwemclub Brabo Antwerpen,54.64,t
4397857,JACOBS,Dario,1997,M,BEL,Swimming Club Strombeek-Grimbe,54.64,t
4648986,RAES,Senne,2006,M,BEL,Zwemclub Brabo Antwerpen,54.64,t
4139632,ADRIAENSEN,Dieter,1995,M,BEL,Zwemclub Geel,54.65,t
4588017,SAMYN,Jonas,2000,M,BEL,Koninklijke Kortrijkse Zwemkri,54.65,t
4074819,ZADWORNY,Boris,1990,M,BEL,Ecole Seraing Natation,54.66,t
4805285,VERJANS,Renaud,1994,M,BEL,Swimming Team Tienen,54.66,t
4418176,OPDEBEECK,Thomas,2006,M,BEL,Zwemclub Brabo Antwerpen,54.66,t
5172944,VANHOUTTE,Warre,2007,M,BEL,Royal Ostend Swimming Club,54.66,t
4074691,OLEFS,Kenneth,1991,M,BEL,Zwemclub Tremelo,54.67,t
4200119,HOORNE,Jochim,1990,M,BEL,Izegemse Krekel Zwemmers,54.68,t
4731917,CLAEYS,Arthur,2002,M,BEL,Swimming Team Aalter,54.68,t
4804892,DE ROECK,Tom,1986,M,BEL,Fast Antwerp Swimming Team,54.69,t
4308481,VANSPRINGEL,Thibaut,1996,M,BEL,Swimming Club Strombeek-Grimbe,54.69,t
4574050,DE BAETS,Niels,1995,M,BEL,Meetjesland-Gent Alliantie Zwemteam,54.69,t
5092551,DUFLOUCQ,Seppe,2006,M,BEL,Iswim,54.69,t
5263227,VERROKEN,Gerben,2008,M,BEL,"Zwemclub ""de Dolfijnen"" Asse-T",54.69,t
5352935,LEYSEN,Michel,2007,M,BEL,Kempisch Swimming Team,54.70,t
5251386,SLEPOV,Bogdan,2008,M,BEL,Entente Des Nageurs Louvierois Natation,54.70,t
4353461,LANGMANS,Wannes,1999,M,BEL,Shark,54.71,t
4311186,NIGRA,Loic,1994,M,BEL,Koninklijke Vilvoordse Zwemclu,54.71,t
4567897,BRYNAERT,Jasper,2007,M,BEL,Swimming Team Zennevallei,54.71,t
4804844,LANOOTE,Renaat,1988,M,BEL,Koninklijke Kortrijkse Zwemkri,54.73,t
4439476,DEMEESTERE,Emiel,2000,M,BEL,Izegemse Krekel Zwemmers,54.73,t
4688859,COLLINET,Germain,2000,M,BEL,Cercle Royal De Natation Arlonais,54.73,t
5084788,COURTOIS,Maxime,2006,M,BEL,Liege Natation,54.73,t
4199898,DE PAEPE,Karel,1995,M,BEL,Brabant East Swimming Team,54.74,t
4305451,DUCASTEL,Sander,1996,M,BEL,Zwemvereniging Wetthra Wettere,54.74,t
4622204,THIBAUT,Charles,1986,M,BEL,Espadon Leuze Natation,54.75,t
4331879,GIBBS,Brent,1997,M,BEL,Heistse Zwemclub Arduas,54.76,t
4066237,GHESQUIERE,Jelle,1979,M,BEL,Royal Dauphins Mouscronnois,54.77,t
4804954,WOUTERS,Steven,1987,M,BEL,Arvicola Zwemclub Kalmthout,54.77,t
4074835,MEUNIER,Pierre-Antoine,1989,M,BEL,Liege Natation,54.78,t
4406395,STAVART,Corentin,1999,M,BEL,"Blocry, Ottignies Et Univ.L.L.",54.78,t
4136946,DE WOLF,Davey,1988,M,BEL,Zwemclub Tremelo,54.79,t
4139779,VAN DEN BEMPT,Ben,1995,M,BEL,Zwemclub Brabo Antwerpen,54.79,t
4307361,THIJS,Christophe,1994,M,BEL,Zwemvereniging Lier,54.80,t
4910131,MAROT,Joseph,1996,M,BEL,Cercle Royal De Natation De Huy,54.80,t
4756464,HENDRICKX,Victor,2003,M,BEL,Belgium,54.80,t
4805370,HERREMANS,Toon,1991,M,BEL,Swimming Team Tienen,54.81,t
4805259,JACQUERIE,Paul,1994,M,BEL,Herstal Natation,54.81,t
4610112,ROOMAN,Rob,2000,M,BEL,Leuven Aquatics,54.81,t
5416220,DELRUE,Aaron,2009,M,BEL,Zwemclub De Dolfijnen Middelke,54.81,t
4192417,NUYTS,Wim,1991,M,BEL,"Molse Zwemclub ""mozka""",54.82,t
4741089,LAUWERS,Sander,2001,M,BEL,Zwemclub Brabo Antwerpen,54.82,t
4999884,ORBAN,Olivier,2002,M,BEL,Swimming Team Waasland,54.82,t
4620067,VANHUYS,Matt,2002,M,BEL,Royal Dauphins Mouscronnois,54.84,t
5203995,GARNIER,Terence,2007,M,BEL,Mons Hainaut Natation,54.84,t
4804976,KRAPANEY,Oleg,1980,M,BEL,Cercle Royal De Natation De To,54.85,t
4393080,VAN VOOREN,Jelle,1998,M,BEL,Meetjesland-Gent Alliantie Zwemteam,54.86,t
4828193,HERREGODTS,Siebe,2002,M,BEL,Koninklijke Zwemclub Neptunus,54.86,t
4811555,MULDER,Anael,2002,M,BEL,Natation Club Athus,54.86,t
5139673,VERSCHUERE,Lucas,2004,M,BEL,Koninklijke Kortrijkse Zwemkri,54.88,t
4805235,GOEME,Laurens,1992,M,BEL,Zwemclub S.O.S.,54.89,t
4792475,MAHIEU,Vincent,2002,M,BEL,Perron,54.89,t
4897293,JACOB,Maarten,2001,M,BEL,Groot Beverse Zwemclub,54.89,t
4804884,BALANCIER,Pascal,1974,M,BEL,Embourg Natation,54.90,t
4139946,MOUREAU,Charles,1995,M,BEL,Ecole Seraing Natation,54.90,t
4804571,TYCHON,Jonathan,1993,M,BEL,Royal Verviers Natation,54.90,t
4305945,IEMMOLO,Romain,1997,M,BEL,Liege Mosan,54.90,t
4467492,MISSER,Quentin,1997,M,BEL,Belgium,54.90,t
4984808,BESEME,Cyprien,2000,M,BEL,Braine-L'Alleud Waterloo Swimming Team,54.90,t
4863310,COLSON,Niels,2002,M,BEL,Swimming Club Strombeek-Grimbe,54.90,t
5031661,VANDYCKE,Lennert,2004,M,BEL,Royal Ostend Swimming Club,54.90,t
5017400,BERTUZZI,Valentin,2004,M,BEL,Herstal Natation,54.90,t
4827852,VRIENS,Arne,2002,M,BEL,Arendonkse Zwemvereniging,54.91,t
4068643,MIRY,Yann,1978,M,BEL,Royal Dauphins Mouscronnois,54.92,t
4200227,DISPERSYN,Jonas,1986,M,BEL,Zwemclub Brabo Antwerpen,54.92,t
4074685,VEDTS,Cedric,1991,M,BEL,Zwemclub Tremelo,54.92,t
4726086,HERMAN,Cian,2001,M,BEL,First (Flanders Inter Regio Sw,54.92,t
4726094,ARDENOY,Viktor,2002,M,BEL,Koninklijke Brugse Zwem- & Red,54.92,t
4878975,DE CUYPER,Tibo,2002,M,BEL,Heistse Zwemclub Arduas,54.92,t
5002322,SAPIJN,Kobe,2004,M,BEL,First (Flanders Inter Regio Sw,54.92,t
5092557,VERHEYE,Miel,2006,M,BEL,Gold Swimming Team,54.92,t
4199776,DEGRYSE,Thijs,1996,M,BEL,Royal Ostend Swimming Club,54.93,t
4524125,ALUISIO,Vincent,1998,M,BEL,Zwemclub Brabo Antwerpen,54.93,t
4620641,DE BACKER,Ruben,2001,M,BEL,Koninklijke Vilvoordse Zwemclu,54.93,t
5153843,VULPESCU,Luca,2003,M,BEL,Castor Club De Mons,55.13,t
4012103,DE MEYER,Niels,2002,M,BEL,Zwemclub Brabo Antwerpen,55.13,t
4039026,PARDON,Boy,1987,M,BEL,Shark,55.14,t
4933702,VANDENDORPE,Emile,2004,M,BEL,Koninklijke Waregemse Zwemclub,55.73,t
5119187,DEPREZ,Lukas,2006,M,BEL,Tiense Regio United Swimming Team,54.93,t
4074410,LAMBAERTS,Simon,1988,M,BEL,Nageurs Reunis Du Brabant Wallon,54.94,t
4199806,DE GROEVE,Fabian,1994,M,BEL,Meetjesland-Gent Alliantie Zwemteam,54.94,t
5208836,CLEYMANS,Torben,2008,M,BEL,Swimming Team Zennevallei,54.94,t
4805131,SOETEWEY,Johan,1991,M,BEL,Zwemclub Brabo Antwerpen,54.95,t
4306681,NGUYEN,Francois,1994,M,BEL,Chaudfontaine Thermale Natatio,54.95,t
4779112,VANHAUWAERT,Jente,2001,M,BEL,Royal Ostend Swimming Club,54.95,t
4687399,OST,Ryan,2006,M,BEL,Hoogstraten Zwemteam,54.95,t
4074322,VANDENDRIESSCHE,Jeffrey,1988,M,BEL,First (Flanders Inter Regio Sw,54.96,t
4805077,SMEYERS,Jens,1992,M,BEL,Zwemclub Schoten,54.96,t
5004060,MAESSEN,Finn,2005,M,BEL,Koninklijke Vilvoordse Zwemclu,54.96,t
4980112,BIAD,Malik,2005,M,BEL,Mons Hainaut Natation,54.96,t
4074384,BUSEYNE,Stijn,1989,M,BEL,Meetjesland-Gent Alliantie Zwemteam,54.97,t
4308720,EL YOUSFI,Yassin,1996,M,BEL,Zwemclub Brabo Antwerpen,54.97,t
4924744,DUJARDIN,Guillaume,2002,M,BEL,Meetjesland-Gent Alliantie Zwemteam,54.97,t
5199459,DE CRAEMER,Cas,2008,M,BEL,Bruinvissen Diksmuide,54.97,t
4805078,SMEYERS,Niels,1991,M,BEL,Zwemclub Schoten,54.98,t
4878973,DEFLOOR,Emile,2003,M,BEL,Heistse Zwemclub Arduas,54.98,t
5002833,TANGHE,Kasper,2004,M,BEL,Zwemclub Brabo Antwerpen,54.98,t
4804927,CLAES,Sammy,1987,M,BEL,Koninklijke Racing Swimming Cl,54.99,t
4303613,MOERMAN,Mattias,1986,M,BEL,Shark,54.99,t
4842472,BUSAAN,Anton,2000,M,BEL,Swimming Club Strombeek-Grimbe,54.99,t
4910867,HANSON,Cyril,2002,M,BEL,Cercle De Natation Sportcity W,54.99,t
4139636,DRIJVERS,Siemen,1995,M,BEL,Brabant East Swimming Team,55.00,t
4139772,HUYLEBROECK,Jen,1994,M,BEL,Zwemclub Brabo Antwerpen,55.00,t
4308799,HUPPERTZ,Matthias,1997,M,BEL,Ecole Saint-Vith Natation,55.00,t
4690206,DE HAUWERE,Arend,1999,M,BEL,Meetjesland-Gent Alliantie Zwemteam,55.00,t
4804528,MARI,Arnaud,1990,M,BEL,Chaudfontaine Thermale Natatio,55.01,t
4805188,HOUSSIERE,Alexandre,1992,M,BEL,Cercle Royal De Natation De To,55.01,t
4819733,VAN GENECHTEN,Sander,2003,M,BEL,Leuven Aquatics,55.01,t
4074373,MEIRHAEGHE,Jens,1991,M,BEL,Meetjesland-Gent Alliantie Zwemteam,55.02,t
4804817,THERY,Kevin,1992,M,BEL,Ursus Zwemklub Zwevegem,55.02,t
4578968,VAN DEN ABBEELE,Frederik,2000,M,BEL,Zwemclub Brabo Antwerpen,55.02,t
5098401,VANALME,Tristan,2005,M,BEL,Koninklijke Waregemse Zwemclub,55.02,t
5181178,VANGROOTLOON,Jef,2010,M,BEL,Sint-Truidense Zwemclub,55.02,t
4139640,HEEREN,Vincent,1995,M,BEL,Brabant East Swimming Team,55.03,t
4897268,CLEYMANS,Karsten,2002,M,BEL,Swimming Team Zennevallei,55.03,t
4753993,PARMENTIER,Arnaud,1996,M,BEL,Swimming Club Calypso Watermae,55.03,t
5278495,HAUBEN,Sander,2007,M,BEL,Koninklijke Hasseltse Zwemvere,55.03,t
4074683,CLAES,Arne,1993,M,BEL,Zwemclub Tremelo,55.05,t
4804763,DEBROEYER,Quentin,1993,M,BEL,Cercle De Natation Sportcity W,55.05,t
4299658,WOUTERS,Jef,1996,M,BEL,Zwemclub Tremelo,55.05,t
4439424,D' ROZARIO,Reggie,1998,M,BEL,Zwemclub Brabo Antwerpen,55.05,t
5250281,SOENS,Elias,2006,M,BEL,Zwemvereniging De Meerkoet Bre,55.05,t
4274350,BIERMANS,Wout,1997,M,BEL,Brabant East Swimming Team,55.06,t
4880263,BOXUS,Thomas,2001,M,BEL,Charleroi Helios Aqua Team,55.06,t
4859026,BALHAUT,Pierre,2001,M,BEL,Belgium,55.06,t
5265176,VAN GEEL,Mats,2006,M,BEL,Westerlo Swimming Team,55.06,t
4200167,VAN WETERING,Matthias,1993,M,BEL,Shark,55.07,t
4304880,CROON,Julien,1996,M,BEL,Swimming Team Tienen,55.09,t
4484697,THYS,Christophe,1994,M,BEL,Zwemvereniging Lier,55.09,t
4804716,MUROVEC,Vladimir,1991,M,BEL,Liege Natation,55.09M,t
4804754,VOS,Carl,1992,M,BEL,"Molse Zwemclub ""mozka""",55.10,t
4068862,DIENST,Rodolphe,1991,M,BEL,Cercle De Natation Sportcity W,55.10,t
4313242,VANHERCK,Jeroen,1997,M,BEL,Zwemvereniging De Meerkoet Bre,55.10,t
4397926,DE MEYER,Sam,1998,M,BEL,Groot Beverse Zwemclub,55.10,t
5138704,VAN DE WEYER,Jorre,2001,M,BEL,Zwemclub Geel,55.10,t
5243699,RAES,Dries,2007,M,BEL,Koninklijke Aarschotse Zwemclub Schoonhoven,55.10,t
4805282,VERBEKE,Sem,1994,M,BEL,Koninklijke Kortrijkse Zwemkri,55.11,t
4433300,DRIJVERS,Seppe,1998,M,BEL,Brabant East Swimming Team,55.11,t
4136863,DEBERDT,Daan,1988,M,BEL,Meetjesland-Gent Alliantie Zwemteam,55.12,t
4139685,COOLS,Maxim,1993,M,BEL,Temse Schelde Zwemmers,55.12,t
4804900,HERMANS,Maarten,1986,M,BEL,Genker Zwemvereniging Neptunus,55.13,t
4804907,DE BUYST,Alan,1986,M,BEL,Liege Natation,55.13,t
4225705,CASSIMON,Carl,1992,M,BEL,Zwemclub Kapelle-O/D-Bos,55.13,t
4484542,JACOBS,Wannes,2000,M,BEL,Arendonkse Zwemvereniging,55.13,t
4804385,BRYDENBACH,Tim,1984,M,BEL,Shark,55.14,t
4305464,DUHAMEL,Louis,1998,M,BEL,Zwemclub Kapelle-O/D-Bos,55.14,t
4199899,GIELKENS,Christophe,1991,M,BEL,Brabant East Swimming Team,55.15,t
4299622,VANDERHOVEN,Tom,1996,M,BEL,Genker Zwemvereniging Neptunus,55.15,t
4308591,COESSENS,Boris,1994,M,BEL,Swimming Club Strombeek-Grimbe,55.15,t
4309475,DECOSSAUX,Eliott,1997,M,BEL,Swimming Team Tienen,55.15,t
4924727,GEERAERTS,Pieter-Jan,2002,M,BEL,Bruinvissen Diksmuide,55.15,t
5163768,FICHER,Augustin,2007,M,BEL,Nautic Club Herve,55.15,t
4077207,NOTTEAU,Lionel,1986,M,BEL,Les Espadons Cominois,55.16,t
4753466,GONCALVES,Joshua,1998,M,BEL,Belgium,56.10,t
5259179,REMACLE,Nathan,2006,M,BEL,Std,55.16,t
4309363,SAMYN,Cowdy,1994,M,BEL,Gold Swimming Team,55.17,t
4755055,BAUDOUX,Valentin,1999,M,BEL,Entente Des Nageurs Louvierois Natation,55.17,t
4200152,WOUTERMAERTENS,Jarne,1992,M,BEL,Swimming Club Strombeek-Grimbe,55.17,t
4805088,COBBAUT,Josivan,1992,M,BEL,Mons Hainaut Natation,55.18,t
4805029,MATERNE,Valery,1982,M,BEL,CNC Les Flippers Ciney,55.20,t
4170685,DE KNOP,Sebastien,1990,M,BEL,"Zwemclub ""de Dolfijnen"" Asse-T",55.20,t
4804695,DECALUWE,Thibaud,1990,M,BEL,Koninklijke Kortrijkse Zwemkri,55.20,t
4296023,VANDERLINDEN,Xavier,1992,M,BEL,Waterloo Natation,55.20,t
4304848,CORNEZ,Thomas,1989,M,BEL,Castor Club De Mons,55.20,t
5294355,DE BODT,Daan,2008,M,BEL,Zwemclub Brabo Antwerpen,55.20,t
4066256,SOTTIAU,Robin,1989,M,BEL,Royal Dauphins Mouscronnois,55.21,t
4054904,VAN ENGELEN SOUSA,Francisco Javier,1968,M,BEL,Belgium,55.22M,t
4200038,VANDERVONDELEN,Matthias,1990,M,BEL,Zwemclub Otters Mortsel,55.22,t
4309100,VAN DEN BOSCH,Jeroen,1975,M,BEL,Koninklijke Racing Swimming Cl,55.22M,t
5314362,SCHAUBROECK,Yarno,2006,M,BEL,Swem Vrienden,55.22,t
4804945,DEFRUYT,Ward,1987,M,BEL,Bruinvissen Diksmuide,55.23,t
4804453,BOLLAERT,Alexander,1992,M,BEL,Zwemclub Brabo Antwerpen,55.23,t
4305767,GUNST,Miguel,1995,M,BEL,Koninklijke Waregemse Zwemclub,55.23,t
4812914,BUYSENS,Dario,2001,M,BEL,Gold Swimming Team,55.23,t
4755062,GLINEUR,Raphael,2000,M,BEL,Castor Club De Mons,55.23,t
4804841,BULCKE,Alexander,1992,M,BEL,Koninklijke Kortrijkse Zwemkri,55.24,t
4366405,VAN RIET,Tom,1999,M,BEL,Zwemclub Brabo Antwerpen,55.24,t
5172937,LAMPO,Olivier,2006,M,BEL,Zwemclub Brabo Antwerpen,55.24,t
4074386,SCHEIR,Thomas,1988,M,BEL,Meetjesland-Gent Alliantie Zwemteam,55.26,t
4805030,MUNSCH,David,1983,M,BEL,CNC Les Flippers Ciney,55.26,t
4804546,DOSSIN,Christophe,1993,M,BEL,Liege Natation,55.26,t
4074309,THIENPONDT,Dimitri,1989,M,BEL,First (Flanders Inter Regio Sw,55.27,t
4688851,RENAUX,Antoine,2000,M,BEL,Waterloo Natation,55.27,t
5352496,VOLCKAERT,Matthias,2008,M,BEL,Zwemclub ZIOS Liedekerke,55.27,t
4804288,BREULS,Aljoscha,1986,M,BEL,Zwemclub Brabo Antwerpen,55.28,t
5047579,VAN DESSEL,Michiel,2002,M,BEL,"Molse Zwemclub ""mozka""",55.28,t
5004109,VAN MIEGHEM,Alexander,2002,M,BEL,First (Flanders Inter Regio Sw,55.28,t
5478197,VAN HEIRWEGHE,Maxime,2008,M,BEL,Aqua Club Braine L'Alleud,55.28,t
5278308,CONTENT,Elie,2006,M,BEL,Royal Brussels Poseidon,55.28,t
5294342,MICHOEL,Quinten,2009,M,BEL,Zwemclub Geel,55.29,t
4303714,VANBIERVLIET,Jens,1987,M,BEL,Koninklijke Kortrijkse Zwemkri,55.30,t
4062118,LESAGE,Mathieu,1983,M,BEL,Embourg Natation,55.30,t
4192404,HEEREN,Laurens,1993,M,BEL,Brabant East Swimming Team,55.30,t
4199807,DE LILLE,Bjorn,1992,M,BEL,Meetjesland-Gent Alliantie Zwemteam,55.31,t
4988501,MARION,Xavier,2003,M,BEL,Cercle De Natation Sportcity W,55.31,t
4038211,VANNEUVILLE,Klaas,1983,M,BEL,Flanders Coast Swimmingteam,55.33,t
4668013,BEYENS,Sam,1998,M,BEL,"Molse Zwemclub ""mozka""",55.33,t
5251390,DUFOND,Nathan,2008,M,BEL,Entente Des Nageurs Louvierois Natation,55.33,t
4804943,MALEMPREE,Stephane,1985,M,BEL,Val De Mehaigne Natation Wanze,55.34,t
4804850,CARLIER,Bart,1990,M,BEL,Zwemclub Kapelle-O/D-Bos,55.34,t
4192408,VANDEN BOSCH,Rob,1992,M,BEL,Brabant East Swimming Team,55.34,t
5113639,DA CONCEICAO SOUSA,Luis - Gabriel,2005,M,BEL,Cercle Royal De Natation De Br,55.34,t
4804301,WILLEMS,Yvan,1986,M,BEL,Zwemclub Brabo Antwerpen,55.35,t
4804313,DUMISIC,Anes,1989,M,BEL,Swimming Club Wauterbos Rode,55.35,t
4852942,GUERN,Malo,2006,M,BEL,Waterloo Natation,55.35,t
5389176,OPDENBERGH,Merlijn,2009,M,BEL,Zwemclub Brabo Antwerpen,55.35,t
4058007,HERMIE,Laurens,1988,M,BEL,Koninklijke Brugse Zwem- & Red,55.36,t
4805355,LEJEUNE,Maxime,1991,M,BEL,Swimming Club Wauterbos Rode,55.37,t
4804422,PEX,Nelis,1988,M,BEL,Koninklijke Aarschotse Zwemclub Schoonhoven,55.37,t
5199680,JORISSEN,Rube,2008,M,BEL,Genker Zwemvereniging Neptunus,55.37,t
4074860,BEGUIN,Lucas,1991,M,BEL,Liege Mosan,55.38,t
5002826,OOMS,Jonah,2004,M,BEL,Zwemclub Geel,55.38,t
5097015,VEESTRAETEN,Mats,2006,M,BEL,Zwemvereniging De Meerkoet Bre,55.39,t
4074942,VANHONACKER,Domien,1988,M,BEL,Ursus Zwemklub Zwevegem,55.40,t
4804573,DIRIX,Ben,1988,M,BEL,Koninklijke Hasseltse Zwemvere,55.40,t
4805354,DRIEGHE,Titouan,1990,M,BEL,Waterloo Natation,55.40,t
4805387,LOSLEVER,Matthieu,1993,M,BEL,Royal Verviers Natation,55.40,t
4200054,VANLEENHOVE,Baptiste,1997,M,BEL,Zwemclub Tieltse Zeeduivels,55.40,t
4568378,PAUWELS,Sander,2007,M,BEL,Tiense Regio United Swimming Team,55.40,t
5279030,MORIAU,Pierrick,2007,M,BEL,Cercle De Natation Sportcity W,55.40,t
4048050,JANSSEN,Roel,1979,M,BEL,Peltse Zwemclub,55.41,t
4804828,HOLLEVOET,Pieter,1989,M,BEL,Val De Mehaigne Natation Wanze,55.41,t
4136868,VERHEYEN,Jens,1993,M,BEL,Meetjesland-Gent Alliantie Zwemteam,55.41,t
4804425,VERSCHOREN,Steven,1993,M,BEL,Koninklijke Aarschotse Zwemclub Schoonhoven,55.41,t
4295812,PORTIER,Thomas,1996,M,BEL,Liege Atlas Swimming Team,55.41,t
4295833,VAN GINNEKEN,Maxim,1996,M,BEL,Zwemclub Brabo Antwerpen,55.41,t
4897685,VAN HENTENRIJK,Matthieu,2003,M,BEL,Cercle Royal De Natation De Br,55.41,t
4307802,VANDERHOVEN,Jordi,1998,M,BEL,Genker Zwemvereniging Neptunus,55.42,t
4313305,JAMMAER,Philippe,1997,M,BEL,Peltse Zwemclub,55.42,t
4125247,HUBERTY,Mathieu,1996,M,BEL,Longchamp Swimming Club Uccle,55.43,t
5177213,JONCKHEERE,Yori,2002,M,BEL,Ronse Swimming Club,55.44,t
5001421,DE JONGE,Dries,2005,M,BEL,Shark,55.65,t
5088883,DANTHINE,Zacharie,2004,M,BEL,Cercle Royal De Natation Arlonais,55.65,t
4307978,VERLINDEN,Jens,1997,M,BEL,De Beringse Tuimelaars,55.66,t
4821334,AL BATRO,Mohamed Ali,2001,M,BEL,Cercle Royal De Natation De Br,55.66,t
5089919,LEROUX,Wout,2004,M,BEL,Meetjesland-Gent Alliantie Zwemteam,55.66,t
4304566,ADRIAENSSENS,Milan,1997,M,BEL,Arvicola Zwemclub Kalmthout,55.45,t
4754027,MEERT,Ward,2000,M,BEL,Zwemclub ZIOS Liedekerke,55.45,t
5437276,CHEN,Peter,2009,M,BEL,Mons Hainaut Natation,55.45,t
4185178,HALLEUX,Bertrand,1992,M,BEL,Nautic Club Herve,55.46,t
4225724,DEMOITIE,Yannick,1995,M,BEL,Swimming Team Tienen,55.46,t
5065566,DE CUYPER,Lens,2003,M,BEL,Heistse Zwemclub Arduas,55.46,t
4770960,DE CUBBER,Mats,2005,M,BEL,Meetjesland-Gent Alliantie Zwemteam,55.46,t
4303561,HEYLIGEN,Bert,1984,M,BEL,Zwemclub Beringen-Mijn,55.47,t
4074374,SEGERS,Jens,1990,M,BEL,Meetjesland-Gent Alliantie Zwemteam,55.47,t
4742583,QUIRINY,Louis,2000,M,BEL,Liege Mosan,55.47,t
4970428,STESMANS,Jelle,2003,M,BEL,Zwemclub Brabo Antwerpen,55.47,t
4729494,OLIJSLAGERS,Mathias,2002,M,BEL,De Beringse Tuimelaars,55.47,t
4304957,DE BRABANDER,Giel,1995,M,BEL,Bruinvissen Diksmuide,55.48,t
5072994,LECOURT,Louis,2005,M,BEL,Les Espadons Cominois,55.48,t
5203757,CLAASSEN,Ilario,2007,M,BEL,Arendonkse Zwemvereniging,55.48,t
4074832,HUET,Niels,1988,M,BEL,CNC Les Flippers Ciney,55.49,t
4721218,VOGLAR,Robbe,2002,M,BEL,Zwemvereniging De Meerkoet Bre,55.49,t
5005494,MENU,Ewen,2005,M,BEL,Les Espadons Cominois,55.49,t
5210530,PROVOOST,Matice,2008,M,BEL,Royal Ostend Swimming Club,55.49,t
4297331,FRANSSENS,Bjoern,2007,M,BEL,Zwemclub Brabo Antwerpen,55.49,t
5391852,LUKIANOFF,Aldar,2008,M,BEL,Herstal Natation,55.49,t
4101689,DUCOBU,Kevin,1992,M,BEL,Belgium,55.50,t
4309039,SPANHOVE,Lennert,1994,M,BEL,Meetjesland-Gent Alliantie Zwemteam,55.50,t
4313014,HANIN,Matthieu,1996,M,BEL,Cercle Royal De Natation Arlonais,55.50,t
4689862,THYS,Elias,1998,M,BEL,Ecole De Natation Waremmienne,55.50,t
4074494,LAMBRECHTS,Adam,1992,M,BEL,Shark,55.50,t
4924725,COBBAERT,Felix,2001,M,BEL,Bruinvissen Diksmuide,55.51,t
4354251,WISEUR,Valentin,1996,M,BEL,Barracuda Club Saint-Ghislain,55.52,t
5261486,DE BACKER,Bjorn,2007,M,BEL,Zwemclub ZIOS Liedekerke,55.52,t
4860189,VAN DYCK,Nick,2003,M,BEL,Kempisch Swimming Team,55.53,t
5422908,VERMEYLEN,Emiel,2008,M,BEL,Nijlense Zwemclub,55.53,t
4804610,JEUNEHOMME,Denis,1991,M,BEL,Embourg Natation,55.54,t
4225704,ESSER,Pierre,1991,M,BEL,Flipper Natation Club Saint-Ge,55.54,t
4812369,DEBONGNIE,Aymeric,1999,M,BEL,Cercle De Natation Sportcity W,55.54,t
5098388,CLAES,Felix,2004,M,BEL,De Beringse Tuimelaars,55.54,t
4304675,BOULLE,Romain,1997,M,BEL,Cercle De Natation Sportcity W,55.55,t
4406000,MATROULE,Thomas,2000,M,BEL,Swimming Team Tienen,55.55,t
5420414,DE PEYPER,Noah,2008,M,BEL,Zwemclub ZIOS Liedekerke,55.55,t
5208824,VAN UYTVEN,Robbe,2007,M,BEL,Flemish Ardennes Swimming Team,55.55,t
4295995,DEPELSENAIRE,Sebastien,1984,M,BEL,Waterloo Natation,55.56,t
4309205,VERDIJCK,Niels,1997,M,BEL,"Zwemclub ""de Dolfijnen"" Asse-T",55.56,t
4780705,CLAYSON,Nicolas,2002,M,BEL,Braine-L'Alleud Waterloo Swimming Team,55.56,t
4309467,BURM,Sietse,1998,M,BEL,Dendermondse Zwemvereniging Ol,55.57,t
4819712,CLOES,Janek,1999,M,BEL,Brabant East Swimming Team,55.57,t
4139799,VAN EYKEN,Erik,1994,M,BEL,Zwemclub Tremelo,55.58,t
4185242,SMEKENS,Lieven,1985,M,BEL,Zwemvereniging Lier,55.59,t
4309124,VAN HUNSEL,Tim,1996,M,BEL,Shark,55.59,t
5259515,BENNANI,Walid,2007,M,BEL,Herstal Natation,55.59,t
4804289,DEGEZELLE,Stijn,1988,M,BEL,Zwemclub Brabo Antwerpen,55.60,t
4139647,WAUTERS,Toon,1995,M,BEL,Brabant East Swimming Team,55.60,t
4742582,DOUKMANI,Zakariya,1999,M,BEL,Herstal Natation,55.60,t
4748248,DURIEUX,Yannick,2002,M,BEL,Cercle Royal De Natation Arlonais,55.60,t
5139068,DECORTE,Lucien,2005,M,BEL,Cercle De Natation Jodoignois,55.60,t
4303713,VAN VOOREN,Timo,1979,M,BEL,Fast Antwerp Swimming Team,55.61,t
4110616,PEETERS,Jef,1992,M,BEL,Barracuda Club Saint-Ghislain,55.61,t
5356144,SEGHERS,Michiel,2007,M,BEL,"Zwemclub ""de Dolfijnen"" Asse-T",55.61,t
4999375,VERBIST,Benjamin,2006,M,BEL,Swimming Team Waasland,55.61,t
5255347,DECUPERE,Cedric,2007,M,BEL,Koninklijke Kortrijkse Zwemkri,55.61,t
5369823,WAELPUT,Thomas,2009,M,BEL,Temse Schelde Zwemmers,55.61,t
4804853,LOMBAERTS,Benjamin,1989,M,BEL,Zwemclub Kapelle-O/D-Bos,55.62,t
4200159,LEMBRECHTS,Samuel,1992,M,BEL,Shark,55.62,t
4439509,FOLENS,Simon,1999,M,BEL,Brabant East Swimming Team,55.62,t
4491675,HOLTER,Damien,1999,M,BEL,Natation Club Athus,55.62,t
4805047,AERTS,Gianni,1987,M,BEL,Zwemclub Brabo Antwerpen,55.63,t
4494361,HAESEN,Sebastian,1999,M,BEL,Koninklijke Racing Swimming Cl,55.63,t
4779104,VLAMIJNCK,Jonas,2001,M,BEL,Swimming Team Aalter,55.63,t
4397860,DHAENE,Arnaud,1998,M,BEL,Belgium,55.63,t
4804674,GOYVAERTS,Niel,1989,M,BEL,Heistse Zwemclub Arduas,55.64,t
4255121,RESIMONT,Guillaume,1991,M,BEL,Embourg Natation,55.64,t
4805226,LEJEUNE,Martin,1990,M,BEL,Embourg Natation,55.64,t
4400002,DELFOSSE,Olivier,1963,M,BEL,Cercle De Natation Sportcity W,55.65M,t
4299608,MULLER,Matthias,1996,M,BEL,Ecole Saint-Vith Natation,55.65,t
4330706,LHEUREUX,Tom,1998,M,BEL,"Blocry, Ottignies Et Univ.L.L.",55.65,t
4721214,JANSSEN,Stephan,2002,M,BEL,De Beringse Tuimelaars,55.65,t
4924728,LARIDON,Rune,2002,M,BEL,Bruinvissen Diksmuide,56.11,t
4812926,THUWIS,Stijn,2001,M,BEL,Genker Zwemvereniging Neptunus,55.67,t
5138011,WILLEMS,Dieter,2006,M,BEL,Arendonkse Zwemvereniging,55.67,t
5203759,DE GRAVE,Thibault,2005,M,BEL,Kempisch Swimming Team,55.67,t
4200153,WOUTERMAERTENS,Yorick,1994,M,BEL,Swimming Club Strombeek-Grimbe,55.68,t
4813243,FAELENS,Theo,2000,M,BEL,Les Espadons Cominois,55.68,t
4896772,VANDERHULST,Midas,2001,M,BEL,Tiense Regio United Swimming Team,55.68,t
5307971,DERKENNE,Mateo,2009,M,BEL,Perron,55.68,t
4185168,DEUNINCK,Xander,1993,M,BEL,Zwemclub Brabo Antwerpen,55.69,t
4332755,DAEMS,Gilles,1998,M,BEL,Zwemclub Tremelo,55.69,t
5065832,POLLET,Rohan,2005,M,BEL,"Zwemclub ""de Dolfijnen"" Asse-T",55.69,t
4074319,GOORMACHTIGH,Jan,1987,M,BEL,First (Flanders Inter Regio Sw,55.70,t
4170697,DE REYDT,Steven,1984,M,BEL,Zwemclub Beringen-Mijn,55.70,t
4804611,AMOROSO,Maximilien,1991,M,BEL,Entente Des Nageurs Louvierois Natation,55.70,t
4085513,SCAUX,Damien,1988,M,BEL,Mons Hainaut Natation,55.70,t
4303741,VERREKT,Shaun,1989,M,BEL,Verenigde Willebroekse Zwemclu,55.70,t
4299645,SERVAEGE,Dante,1995,M,BEL,Koninklijke Kortrijkse Zwemkri,55.70,t
4439447,DE PEUTER,Sam,2000,M,BEL,Kempisch Swimming Team,55.70,t
5375625,BASTIJNS,Jeroen,1994,M,BEL,Belgium,55.70M,t
4527107,VARANO,Enrico,1996,M,BEL,Royal Brussels Poseidon,55.71,t
4417740,VAN HECKE,Warre,2007,M,BEL,Meetjesland-Gent Alliantie Zwemteam,55.71,t
4804580,SLOCK,Pieter,1988,M,BEL,"Zwemclub ""de Dolfijnen"" Asse-T",55.72,t
4074834,KALDI,Guillaume,1990,M,BEL,Charleroi Helios Aqua Team,55.72,t
4794142,HUYSMANS,Birger,1988,M,BEL,Swimming Team Tienen,55.72,t
4617125,ENGELS,Aaron,1999,M,BEL,Swimming Team Waasland,55.72,t
4307287,STEVENS,Dennis,1997,M,BEL,"Molse Zwemclub ""mozka""",55.73,t
4620690,BAECKELMANS,Jarne,2000,M,BEL,Koninklijke Racing Swimming Cl,55.73,t
5102961,DEBOOSER,Thibaut,2004,M,BEL,Koninklijke Kortrijkse Zwemkri,55.73,t
5356780,DEVILLE,Manu,2008,M,BEL,Perron,55.74,t
4610097,VERDONCK,Dario,1996,M,BEL,Zwemclub Brabo Antwerpen,55.75,t
4356279,VANLEYNSEELE,Thomas,1999,M,BEL,Zwemclub Brabo Antwerpen,55.75,t
4995014,MARTI,Theo,2005,M,BEL,Liege Natation,55.75,t
4169375,DE GOEIJ,Christophe,1982,M,BEL,Ecole De Natation Waremmienne,55.76,t
4074362,VERMEIRE,Alexander,1991,M,BEL,Meetjesland-Gent Alliantie Zwemteam,55.76,t
4741105,MESTDAGH,Arne,2002,M,BEL,Koninklijke Kortrijkse Zwemkri,55.76,t
5065831,PILLET,Brecht,2004,M,BEL,"Zwemclub ""de Dolfijnen"" Asse-T",55.76,t
5067691,CAUCHETEUX,Armand,2005,M,BEL,Barracuda Club Saint-Ghislain,55.76,t
5279019,ZEIMES,Elric,2007,M,BEL,Ecole Seraing Natation,55.76,t
4777269,LIPPENS,Rino,2000,M,BEL,Swimming Team Waasland,55.77,t
4882329,BEAUTHIER,Killian,2002,M,BEL,Koninklijke Vilvoordse Zwemclu,55.77,t
5287514,VAN TILBURG,Matthias,2009,M,BEL,Zwemclub Geel,55.77,t
4309155,VANDECRUYS,Bert,1981,M,BEL,Zolderse Dolfijnen,55.78,t
4804718,BOGAERTS,Yves,1990,M,BEL,Zwemclub Brabo Antwerpen,55.78,t
4805161,PLEYERS,Carl,1994,M,BEL,Chaudfontaine Thermale Natatio,55.78,t
5003993,PELLE,Luca-Alexandru,2009,M,BEL,Belgium,55.78,t
5352645,THILL,Hugo,2009,M,BEL,Natation Club Athus,55.78,t
4565937,ENGLEBERT,Antoine,2000,M,BEL,Std,55.79,t
4894194,DE MUYNCK,Robbe,2001,M,BEL,Zwemclub Brabo Antwerpen,55.79,t
5072291,OSSTYN,Jef,2007,M,BEL,Royal Verviers Natation,55.79,t
4139804,GANNE,Thomas,1993,M,BEL,Zwemclub Beringen-Mijn,55.80,t
4999892,HALLEZ,Logan,2003,M,BEL,Les Espadons Cominois,55.80,t
5092531,VAN DEN EYNDE,Vik,2006,M,BEL,Zwemclub Tremelo,55.80,t
4304722,CHAVEPEYER,Kevin,1984,M,BEL,Entente Des Nageurs Louvierois Natation,55.81,t
4805402,VANDEN EEDE,Sylvester,1990,M,BEL,Bruinvissen Diksmuide,55.81,t
4306691,NIJS,Jeffrey,1996,M,BEL,Koninklijke Kortrijkse Zwemkri,55.81,t
4689856,INNES,Hadrien,2001,M,BEL,Ecole De Natation Waremmienne,55.81,t
4989741,VAN SPRENGEL,Brent,1998,M,BEL,Kempisch Swimming Team,55.81,t
4921103,CAMPS,Viktor,2003,M,BEL,Tiense Regio United Swimming Team,55.81,t
4303537,DUPAN,Ewald,1985,M,BEL,Meetjesland-Gent Alliantie Zwemteam,55.82,t
4134537,BAVAY,Fabian,1980,M,BEL,Cercle Royal De Natation Arlonais,55.82,t
4211574,HANNES,Rik,1992,M,BEL,Zwemclub Geel,55.82,t
4200239,CERULUS,Loic,1994,M,BEL,Swimming Team Zennevallei,55.82,t
4059731,VAN DYCKE,Bas,1992,M,BEL,Koninklijke Brugse Zwem- & Red,55.82,t
4942804,CLAEYS,Oscar,2004,M,BEL,Meetjesland-Gent Alliantie Zwemteam,55.82,t
4169982,MORELLE,Philippe,1956,M,BEL,Belgium,55.83M,t
4366400,COOLS,Hannes,1998,M,BEL,Koninklijke Hasseltse Zwemvere,55.83,t
4882384,VAN HOREN,Senne,2002,M,BEL,Koninklijke Zwemclub Neptunus,55.83,t
5081001,LEROY Mr,Cyprien,2006,M,BEL,Les Espadons Cominois,55.83,t
4074391,CABU,Alexy,1992,M,BEL,Cercle De Natation Sportcity W,55.84,t
4306526,MERLINO,Matteo,1998,M,BEL,Les Espadons Cominois,55.84,t
4946795,VERBIEST,Stijn,1977,M,BEL,Westerlo Swimming Team,55.84M,t
5081012,ANTUNES,Lucas,2004,M,BEL,Koninklijke Vilvoordse Zwemclu,55.84,t
4418161,VERDONCK,Brecht,2007,M,BEL,Zwemclub Geel,55.84,t
4354354,VAN DEN DURPEL,Matthieu,1997,M,BEL,Swimming Team Waasland,55.85,t
4406756,HENDRICKX,Dieter,2001,M,BEL,Belgium,55.85,t
4074350,DE TEMMERMAN,Wouter,1986,M,BEL,First (Flanders Inter Regio Sw,55.86,t
4304610,BARNSTIJN,Alexandre,1996,M,BEL,Cercle Royal De Natation De Br,55.87,t
4816439,GOETHALS,Vince,2009,M,BEL,Swimming Team Waasland,55.87,t
5126073,BOETS,Victor,2006,M,BEL,"Molse Zwemclub ""mozka""",55.88,t
4804981,VANDEN EYNDE,Jan,1982,M,BEL,De Beringse Tuimelaars,55.89,t
4308485,AERTS,Ilie,1997,M,BEL,"Molse Zwemclub ""mozka""",56.10,t
4924113,DEMAIFFE,Valentin,2001,M,BEL,Braine-L'Alleud Waterloo Swimming Team,56.10,t
4804359,VERWEIRDER,Michael,1987,M,BEL,Koninklijke Kortrijkse Zwemkri,56.11,t
4805111,CAMPENAERTS,Victor,1991,M,BEL,Zwemclub Brabo Antwerpen,56.11,t
4827952,CALLEWAERT,Matisse,2002,M,BEL,Gold Swimming Team,55.89,t
4200216,CAMPENAERTS,Alfred,1997,M,BEL,Zwemclub Brabo Antwerpen,55.90,t
4780747,CLAES,Robin,2000,M,BEL,Royal Verviers Natation,55.90,t
4777813,DEFLOOR,Louis,1999,M,BEL,Heistse Zwemclub Arduas,55.90,t
5281082,SAMYN,Jitse,2008,M,BEL,Koninklijke Brugse Zwem- & Red,55.90,t
4989780,WEVERS,Daan,2003,M,BEL,Koninklijke Racing Swimming Cl,55.90M,t
5363549,LISSENS,Tuur,2010,M,BEL,Leuven Aquatics,55.90,t
4494360,TAVEIRNE,Wobbe,1998,M,BEL,Zwemclub Brabo Antwerpen,55.91,t
5031238,CRIEL,Alvaro Nesta,2004,M,BEL,Swimming Team Aalter,55.91,t
5473851,BEUNENS,Ilian,2009,M,BEL,Ursus Zwemklub Zwevegem,55.91,t
4763724,GOUBEIR,Niels,2001,M,BEL,First (Flanders Inter Regio Sw,55.92,t
4346901,BECKWEE,Emile,1998,M,BEL,"Zwemclub ""de Dolfijnen"" Asse-T",55.93,t
5137542,EL GHAZILI,Tijani,2000,M,BEL,Cercle Royal De Natation De Br,55.93,t
4805408,PEETERS,Maarten,1991,M,BEL,Zwemclub Tremelo,55.94,t
4139923,JANON,Guillaume,1995,M,BEL,Ecole Seraing Natation,55.94,t
5181826,VANDORPE,Aaron,2000,M,BEL,Ronse Swimming Club,55.94,t
4972245,CHEVALIER,Benoit,2000,M,BEL,Perron,55.95,t
4804662,BLERVACQ,Yannick,1992,M,BEL,Genker Zwemvereniging Neptunus,55.96,t
4306626,MOORE,Matthias,1997,M,BEL,Meetjesland-Gent Alliantie Zwemteam,55.96,t
5263226,VAN DEN EEDE,Simon,2007,M,BEL,Aquarius Zwemclub Lebbeke,55.96,t
4805279,NOYELLE,Keven,1990,M,BEL,Koninklijke Kortrijkse Zwemkri,55.97,t
4805327,TERWAGNE,Nicolas,1991,M,BEL,Namur Olympic Club,55.97,t
4620674,ROETE,Ruben,1999,M,BEL,Meetjesland-Gent Alliantie Zwemteam,55.97,t
5012095,MONSIEUR,Quentin,2002,M,BEL,Swimming Team Zennevallei,55.97,t
4942767,COUNOY,Felix,2005,M,BEL,Barracuda Club Saint-Ghislain,55.97,t
4225690,HENNEN,Bernd,1982,M,BEL,Ecole Saint-Vith Natation,55.98,t
4804630,GOBERT,Yannick,1992,M,BEL,First (Flanders Inter Regio Sw,55.98,t
5109202,HUBAUT,Theo,2004,M,BEL,Mons Hainaut Natation,55.98,t
5445034,SIMONS,Vic,2008,M,BEL,Zwemclub De Kimpel Bilzen,55.98,t
4074406,PIVA,Maxime,1988,M,BEL,Nageurs Reunis Du Brabant Wallon,55.99,t
4304515,CEUSTERS,Joni,1997,M,BEL,Brabant East Swimming Team,55.99,t
4308047,VLEMINX,Nick,1993,M,BEL,Zwemclub Beringen-Mijn,55.99,t
4812890,GIELEN,Yordi,2003,M,BEL,Zwemvereniging De Meerkoet Bre,55.99,t
5033392,THYS,Bjarne,2005,M,BEL,Swimming Team Waasland,55.99,t
5435654,PROVOOST,Dajo,2008,M,BEL,Royal Ostend Swimming Club,55.99,t
4095501,CLOSE,Jonathan,1984,M,BEL,Royal Verviers Natation,56.00,t
4804497,HANSE,Julien,1989,M,BEL,Chaudfontaine Thermale Natatio,56.00,t
4305379,DHAENE,Rob,1992,M,BEL,Koninklijke Waregemse Zwemclub,56.00,t
4816575,DE JONGE,Andres,2000,M,BEL,Zwemclub Brabo Antwerpen,56.00,t
4822290,HOLLANDERS,Ian,2003,M,BEL,Shark,56.00,t
4812896,JORIS,Luca,2003,M,BEL,"Zwemclub ""de Dolfijnen"" Asse-T",56.00,t
5389179,BAHLOULA,Nael,2009,M,BEL,Zwemclub Brabo Antwerpen,56.00,t
5048939,PARLEVLIET,Zeno,2008,M,BEL,Swimming Team Aalter,56.00,t
4804919,DEBRUCHE,Gilles,1985,M,BEL,Liege Mosan,56.01,t
4804749,BOONS,Koen,1989,M,BEL,"Molse Zwemclub ""mozka""",56.01,t
4750928,VOLCKAERT,Mirec,2001,M,BEL,First (Flanders Inter Regio Sw,56.01,t
4984900,CLIJSTERS,Jef,2004,M,BEL,Leuven Aquatics,56.01,t
4303694,VAN AUTENBOER,Wout,1979,M,BEL,Kempisch Swimming Team,56.03,t
4910869,MERCHIER,Hugo,2002,M,BEL,Waterloo Natation,56.03,t
4804286,ADRIAENSSENS,Koen,1976,M,BEL,Zwemclub Brabo Antwerpen,56.04,t
4804940,HONET,Vincent,1975,M,BEL,Koninklijke Vilvoordse Zwemclu,56.04,t
4305265,DEMEZ,Geoffrey,1978,M,BEL,Royal Verviers Natation,56.04,t
4491120,KEUPPENS,Thomas,2001,M,BEL,Heistse Zwemclub Arduas,56.04,t
5203181,VAN BELLE,Ruben,2007,M,BEL,Meetjesland-Gent Alliantie Zwemteam,56.04,t
5251385,CABO,Esteban,2007,M,BEL,Entente Des Nageurs Louvierois Natation,56.04,t
4303522,DEROOST,Christiaan,1983,M,BEL,Zwemclub Tremelo,56.06,t
4304937,DE BACKER,Bart,1984,M,BEL,First (Flanders Inter Regio Sw,56.06,t
4805287,MARIVOET,Niels,1992,M,BEL,Zwemclub Lorelei Londerzeel,56.06,t
4658428,DENGIS,Bastien,2002,M,BEL,Liege Mosan,56.06,t
5558662,BIHORAC,Hamza,2007,M,BEL,Herstal Natation,56.06,t
4039045,VANOPPEN,Bram,1987,M,BEL,Koninklijke Hasseltse Zwemvere,56.07,t
4349622,STEEMANS,Ivan,1998,M,BEL,Zwemclub Brabo Antwerpen,56.07,t
4012072,LECROART,Theo,2003,M,BEL,Royal Dauphins Mouscronnois,56.07,t
4922774,RAEMAEKERS,Louis,2003,M,BEL,Aquarius Zwemclub Lebbeke,56.07,t
4842512,SCHOETERS,Seppe,2000,M,BEL,Zwemclub Geel,56.08,t
5126874,BERTRAND,Adrien,2004,M,BEL,Castor Club De Mons,56.08,t
5150852,VAN GORP,Lowie,2006,M,BEL,Koninklijke Racing Swimming Cl,56.08,t
4805128,SLOOTMANS,Tom,1990,M,BEL,Zwemclub Brabo Antwerpen,56.09,t
4334618,VAN ERUM,Arne,1996,M,BEL,Meetjesland-Gent Alliantie Zwemteam,56.09,t
4748257,DEFRAINE,Quentin,2001,M,BEL,Ecole Seraing Natation,56.09,t
4805290,SVANIAS,Yorgos-Istvan,1989,M,BEL,Longchamp Swimming Club Uccle,56.10,t
4804535,CARRAGGI,Nicolas,1991,M,BEL,Swimming Club Wauterbos Rode,56.10,t
4200145,DEBASTE,Lennert,1992,M,BEL,Swimming Club Strombeek-Grimbe,56.10,t
4812912,DENEIR,Niels,2003,M,BEL,Gold Swimming Team,56.11,t
5204005,LECOCQ,Justin,2008,M,BEL,Ecole Seraing Natation,56.11,t
4139938,MAVROUDIS,Ioannis,1992,M,BEL,Herstal Natation,56.12,t
4200087,JACOBS,Tim,1994,M,BEL,Zwemclub Brabo Antwerpen,56.12,t
4929106,LABYE,Romain,2005,M,BEL,Liege Mosan,56.12,t
4621040,VAN DEN BOSSCHE,Yann,2001,M,BEL,Club De Natation Bastogne,56.13,t
5018043,DESIMPELAERE,Miguel,2004,M,BEL,Gold Swimming Team,56.13,t
5210562,VANDYCKE,Lucas,2007,M,BEL,Royal Ostend Swimming Club,56.13,t
5369824,VAN DE GENDER,Wout,2008,M,BEL,Swimming Team Waasland,56.13,t
4295826,CLAERHOUDT,Rafael,1992,M,BEL,Arvicola Zwemclub Kalmthout,56.14,t
4309099,VAN DEN BERGE,Willem,1993,M,BEL,First (Flanders Inter Regio Sw,56.14,t
4139747,SEVENS,Michiel,1995,M,BEL,Peltse Zwemclub,56.14,t
4302718,HERMAN,Lukas,1995,M,BEL,Brabant East Swimming Team,56.14,t
4308617,DE DONDER,Sven,1994,M,BEL,Swimming Club Strombeek-Grimbe,56.14,t
4399828,LUCASSEN,Loic,1999,M,BEL,Nautic Club Herve,56.14,t
4688836,PARMENTIER,Maxim,2000,M,BEL,Zwemclub Brabo Antwerpen,56.14,t
4858934,VANDECASTEELE,Matis,2003,M,BEL,Gold Swimming Team,56.14,t
4929111,SOGOMONIAN,Eric,2003,M,BEL,Liege Mosan,56.14,t
4074382,BEDERT,Simon,1987,M,BEL,Meetjesland-Gent Alliantie Zwemteam,56.15,t
4074841,CAENEPEEL,Tim,1988,M,BEL,Genker Zwemvereniging Neptunus,56.15,t
4804565,PIENS,Tim,1988,M,BEL,Flanders Coast Swimmingteam,56.15,t
4068860,VANKERKHOVEN,Olivier,1989,M,BEL,Cercle De Natation Sportcity W,56.15,t
4742547,VAN LIEFFERINGE,Alexandre,1996,M,BEL,Royal Brussels Poseidon,56.15,t
4272359,DE VLEESCHOUWER,Thomas,1992,M,BEL,Zwemvereniging Lier,56.15,t
5173064,ROOBAERT,Jurre,2006,M,BEL,Koninklijke Vilvoordse Zwemclu,56.15,t
4303527,DEWREE,Eric,1970,M,BEL,Swimming Team Tienen,56.16,t
4353452,DE BLOCK,Killian,1998,M,BEL,Leuven Aquatics,56.16,t
4839530,VANLAER,Mathijs,2006,M,BEL,Tiense Regio United Swimming Team,56.16,t
5001424,WOUTERS,Jordi,2005,M,BEL,Shark,56.16,t
5000751,LEMAN,Arnaud,2002,M,BEL,Orca Natation Soignies,56.17,t
4913571,JORIS,Dante,2003,M,BEL,"Zwemclub ""de Dolfijnen"" Asse-T",56.17,t
4610119,DEKIMPE,Bregt,2001,M,BEL,Tiense Regio United Swimming Team,56.17,t
4846011,MARIN,Benjamin,2000,M,BEL,Royal Dauphins Mouscronnois,56.18,t
4984905,VANDERHULST,Tobe,2003,M,BEL,Tiense Regio United Swimming Team,56.18,t
4318846,MEYER de,Angelo,1992,M,BEL,Belgium,56.19,t
4638734,VERSTRAETE,Jaron,2001,M,BEL,Bruinvissen Diksmuide,56.19,t
4989603,HEYMANS,Quinten,2003,M,BEL,Swimming Team Zennevallei,56.19,t
5120453,PENNEMAN,Arne,2004,M,BEL,Groot Beverse Zwemclub,56.19,t
4804846,PAREYN,Pamphiel,1991,M,BEL,Koninklijke Kortrijkse Zwemkri,56.20,t
4139837,COLOGNESI,Victor,1993,M,BEL,"Blocry, Ottignies Et Univ.L.L.",56.20,t
4000642,VAN DEN NOORTGATE,Tomas,2000,M,BEL,Belgium,56.20,t
4805273,D'HONDT,Kevin,1990,M,BEL,Izegemse Krekel Zwemmers,56.21,t
4139957,DECROIX,Nathan,1996,M,BEL,Namur Olympic Club,56.21,t
4308606,DE BIE,Lorenzo,1998,M,BEL,Meetjesland-Gent Alliantie Zwemteam,56.21,t
4437307,VINCKE,Toon,2000,M,BEL,"Zwemclub ""de Dolfijnen"" Asse-T",56.21,t
5179513,HAEGEMAN,Yoran,2006,M,BEL,First (Flanders Inter Regio Sw,56.21,t
4805075,BES,Hannes,1990,M,BEL,Arvicola Zwemclub Kalmthout,56.22,t
4913568,GILLIS,Xander,2004,M,BEL,Zwemclub Kapelle-O/D-Bos,56.22,t
4927404,MATTHIJS,Laurenz,2004,M,BEL,Swimming Club Zaventem,56.22,t
4074817,MATTINA,Francois,1989,M,BEL,Liege Mosan,56.23,t
4012104,CLAESEN,Tijs,2002,M,BEL,Zwemclub De Kimpel Bilzen,56.23,t
4984902,DEKIMPE,Dries,2004,M,BEL,Tiense Regio United Swimming Team,56.23,t
4074692,PAREYNS,Maarten,1988,M,BEL,Zwemclub Tremelo,56.24,t
4804387,TIMMERMANS,Matias,1988,M,BEL,Shark,56.24,t
4729485,LEMAIRE,Arne,1999,M,BEL,AART-Lorelei-Zwemvereniging,56.24,t
4439686,VAN DEN BROECK,Brent,2000,M,BEL,Zwemclub Tremelo,56.25,t
4788718,HOLLEVOET,Robbe,2002,M,BEL,Temse Schelde Zwemmers,56.25,t
5200816,JONCKHEERE,Emile,2007,M,BEL,Zwemclub De Dolfijnen Middelke,56.25,t
5356230,VERBEELEN,Luca,2008,M,BEL,Longchamp Swimming Club Uccle,56.25,t
4804816,SABBE,Steven,1991,M,BEL,Ursus Zwemklub Zwevegem,56.26,t
4307675,VAN MERHAEGHE,Tim,1994,M,BEL,Oudenaardse Zwemclub,56.26,t
4200101,CRIKEMANS,Tobias,1996,M,BEL,Groot Beverse Zwemclub,56.26,t
4305953,ISTAS,Egon,1996,M,BEL,Zwemclub Tremelo,56.26,t
4617124,SONNAERT,Lars,1999,M,BEL,Swimming Team Waasland,56.26,t
4309061,TILMAN,Martin,1998,M,BEL,Tiense Zwemmers,56.26,t
4804873,DE CRAEMER,Jeroen,1988,M,BEL,Zwemclub Tieltse Zeeduivels,56.27,t
4804412,VAN DEYNSE,David,1989,M,BEL,Be Optimal In Action @ Sport,56.27,t
4098766,DEJAIVE,Laurent,1986,M,BEL,Ecole Seraing Natation,56.28,t
4139875,NEEFS,Geoffrey,1992,M,BEL,Cercle Royal De Natation De Br,56.28,t
5336510,DEFOIN,Steven,1996,M,BEL,Sint-Truidense Zwemclub,56.28,t
4954148,SUTERA,Livio,2005,M,BEL,Barracuda Club Saint-Ghislain,56.28,t
4804346,CAENEPEEL,David,1986,M,BEL,Genker Zwemvereniging Neptunus,56.29,t
4303664,SERURIER,Matthieu,1981,M,BEL,Ecole De Natation Waremmienne,56.29,t
4293652,ZUNDERT van,Marijn,1994,M,BEL,Zwemclub Brabo Antwerpen,56.29,t
4725870,AMBROES,Benjamin,1998,M,BEL,Royal Brussels Poseidon,56.29,t
5447964,PINTO COECHO,Chesz,2004,M,BEL,Belgium,56.29,t
5349885,EECKHOUT,Sieben,2006,M,BEL,Bruinvissen Diksmuide,56.29,t
4491285,HUYGH,Elias,2000,M,BEL,Swimming Team Zennevallei,56.30,t
5126778,DESMET,Leendert,2006,M,BEL,Torhoutse Zwemklub Thor,56.30,t
5139107,WARNON,Kervens,2004,M,BEL,Swimming Club Zaventem,56.31,t
5279325,SEEUWS,Lander,2006,M,BEL,Zwemclub De Kikkertjes Ninove,56.31,t
4804656,DENS,Joachim,1990,M,BEL,Geelse Sportvereniging Zwemmen,56.32,t
5096418,VAN HOOF,Daan,2005,M,BEL,Leuven Aquatics,56.32,t
4170690,VANHOUTTEGHEM,Dikenson,1989,M,BEL,Koninklijke Kortrijkse Zwemkri,56.33,t
4307003,ROBEYNS,Davy,1990,M,BEL,Lokerse Zwemvereniging,56.33,t
4305093,DE SCHUTTER,Hannes,1998,M,BEL,Shark,56.33,t
4754000,BOONEN,Fabian,2001,M,BEL,Zwemclub Brabo Antwerpen,56.33,t
5167329,AUGUSTIJNS,Sam,2007,M,BEL,Nijlense Zwemclub,56.33,t
5211683,SZEWKO,Artur,2008,M,BEL,Zwemclub Brabo Antwerpen,56.33,t
4185211,TUTS,Geert,1977,M,BEL,Zwemclub ZIOS Liedekerke,56.34,t
4189437,LAHAYE,Christophe,1981,M,BEL,Val De Mehaigne Natation Wanze,56.34,t
4804421,DEWILDE,Sven,1988,M,BEL,Koninklijke Aarschotse Zwemclub Schoonhoven,56.34,t
4074818,MEUNIER,Bertrand,1991,M,BEL,Cercle Royal De Natation De Huy,56.34,t
4074320,MARTENS,Jan,1988,M,BEL,First (Flanders Inter Regio Sw,56.35,t
4200021,MICHELS,Laurens,1995,M,BEL,Zoro,56.35,t
4307174,SEUNTIENS,Hans,1984,M,BEL,Kempisch Swimming Team,56.35,t
4954141,KENIS,Joren,2004,M,BEL,Zwemclub Geel,56.35,t
4074940,BREDA,Andreas,1989,M,BEL,Ursus Zwemklub Zwevegem,56.36,t
5251255,HAEST,Jelle,2001,M,BEL,Arendonkse Zwemvereniging,56.36,t
4804932,LANKERS,Joris,1984,M,BEL,Shark,56.38,t
4804566,UYTTERSPROT,Bryan,1992,M,BEL,Flanders Coast Swimmingteam,56.38,t
5062837,DE COOMAN,Francois-Clement,2004,M,BEL,Cercle Royal De Natation Arlonais,56.38,t
4826079,LECLERCQ,Justin,2004,M,BEL,Charleroi Helios Aqua Team,56.38,t
4632422,PEETERS,Jeff,1992,M,BEL,Barracuda Club Saint-Ghislain,56.39,t
4805160,MISSAIR,Loic,1993,M,BEL,Chaudfontaine Thermale Natatio,56.39,t
4437284,VASTMANS,Wout,1999,M,BEL,Zwemvereniging De Meerkoet Bre,56.39,t
4303544,FRIANT,Kevin,1985,M,BEL,Swimming Club Strombeek-Grimbe,56.40,t
4262633,DUBUFFET,Robin,1996,M,BEL,Flipper Natation Club Saint-Ge,56.40,t
4779065,DE BLEECKER,Thomas,2001,M,BEL,Zwemclub Lorelei Londerzeel,56.40,t
4737921,THIJS,Lucas,2000,M,BEL,Zwemclub Geel,56.40,t
5253939,LOOS,Hannes,2006,M,BEL,Arvicola Zwemclub Kalmthout,56.40,t
5112667,VAN DEN BOSSCHE,Stan,2007,M,BEL,Zwemclub Brabo Antwerpen,56.40,t
4134545,SERVAIS,Cyril,1991,M,BEL,Liege Mosan,56.41,t
4437293,DE WULF,Lars,1997,M,BEL,Swimming Club Strombeek-Grimbe,56.41,t
4306948,RANALLO,Vincent,1997,M,BEL,Koninklijke Landense Sportvereniging Zwemmen,56.41,t
4427718,LOGGHE,Nicolas,2000,M,BEL,Gold Swimming Team,56.41,t
5009534,VAN LOOVEREN,Alvar,2003,M,BEL,Zwemclub Brabo Antwerpen,56.41,t
5281044,NIJSKENS,Karel,2007,M,BEL,Zwemclub Brabo Antwerpen,56.41,t
4805406,BIESMANS,Nils,1991,M,BEL,Zwemclub Tremelo,56.42,t
4296012,GROSDENT,Thomas,1992,M,BEL,Cercle De Natation Sportcity W,56.42,t
4397980,BELSACK,Thomas,1995,M,BEL,Club Marsouins Ath,56.42,t
4905580,AWOUTERS,Pieter,2002,M,BEL,Genker Zwemvereniging Neptunus,56.42,t
4046724,RYCKEMAN,Brian,1984,M,BEL,Koninklijke Brugse Zwem- & Red,56.43,t
4989531,DE CONINCK,Lukas,2000,M,BEL,Zoro,56.43,t
4894187,MESKENS,Tom,2002,M,BEL,Swimming Club Wauterbos Rode,56.43,t
4828066,LIECKENS,Nolan,2003,M,BEL,Nijlense Zwemclub,56.43,t
4804592,VANALDERWELT,Clement,1991,M,BEL,Royal Dauphins Mouscronnois,56.44,t
4074512,MARIEN,Philippe,1991,M,BEL,Shark,56.44,t
4733315,DECERF,Thomas,1997,M,BEL,Royal Verviers Natation,56.44,t
4989605,HOLLEVOET,Quinten,2004,M,BEL,Temse Schelde Zwemmers,56.44,t
5167330,FLORUS,Berne,2005,M,BEL,Shark,56.44,t
4804926,DRIESEN,Ruben,1985,M,BEL,Peltse Zwemclub,56.45,t
4225683,WINDELS,Tom,1988,M,BEL,Deerlijkse Zwemvereniging,56.45,t
4295907,DE JONGHE,Arno,1996,M,BEL,Zwemclub Brabo Antwerpen,56.45,t
5082418,LUBANSU,N'Landu,2003,M,BEL,Longchamp Swimming Club Uccle,56.45,t
5139131,SIAS,Simone,2005,M,BEL,Perron,56.45,t
4272298,VERSTRAETE,Joeri,1994,M,BEL,Bruinvissen Diksmuide,56.46,t
4304684,BRINGMANS,Levie,1998,M,BEL,Swimming Team Tienen,56.46,t
4878969,VAN EETVELDE,Kasper,2003,M,BEL,Arvicola Zwemclub Kalmthout,56.46,t
5010432,STAPPERS,Finn,2005,M,BEL,Peltse Zwemclub,56.46,t
4842157,BERTUZZI,Gabriel,2009,M,BEL,Nautic Club Herve,56.46,t
4805388,MAHAUX,Jonathan,1994,M,BEL,Royal Verviers Natation,56.47,t
5088521,VAN ACKER,Seppe,2003,M,BEL,Bruinvissen Diksmuide,56.47,t
5181856,BERNATH,Benjamin,2007,M,BEL,Koninklijke Aarschotse Zwemclub Schoonhoven,56.48,t
4226650,VANHOUTTE,Jeremy,1985,M,BEL,Swimming Club Ronse,56.49,t
5022328,DE BEL,Julien,2004,M,BEL,"Blocry, Ottignies Et Univ.L.L.",56.49,t
5107562,LEMMENS,Rune,2005,M,BEL,Zwemvereniging De Meerkoet Bre,56.49,t
5188231,KOCKX,Henri,2006,M,BEL,Meetjesland-Gent Alliantie Zwemteam,56.49,t
4200023,MOMMENS,Atse,1995,M,BEL,Zoro,56.50,t
4334601,VAN DEUREN,Ruben,1994,M,BEL,Zwemclub Brabo Antwerpen,56.50,t
4106099,LIBERT,Kevin,1985,M,BEL,Belgium,56.51,t
4303504,DE WAELE,Floris,1986,M,BEL,First (Flanders Inter Regio Sw,56.52,t
4367883,ANSELAIN,Benoit,1996,M,BEL,Espadon Leuze Natation,56.52,t
5089901,DE VALCK,Dante,2006,M,BEL,Zwemclub Kapelle-O/D-Bos,56.52,t
4303528,DOCQUIER,Dominique,1987,M,BEL,Neptune Club Gosselien,56.53,t
4804350,MEULENBERGS,Pieter,1988,M,BEL,Heistse Zwemclub Arduas,56.53,t
4302727,VERHEYDEN,Andries,1995,M,BEL,Zwemclub Schoten,56.53,t
4701021,PIETTE,Nicolas,1986,M,BEL,Belgium,56.53M,t
5317380,RAVELINGIEN,Tibe,2008,M,BEL,Zwemclub Brabo Antwerpen,56.53,t
4058954,LASOEN,Sam,1986,M,BEL,Meetjesland-Gent Alliantie Zwemteam,56.55,t
4303556,HENDRIKS,Berney,1986,M,BEL,Belgium,56.55,t
4804464,JACOBS,Neal,1991,M,BEL,Zwemclub Brabo Antwerpen,56.55,t
4068859,MICHOTTE,Olivier,1991,M,BEL,Cercle De Natation Sportcity W,56.56,t
4139964,DE GRATIE,Yannick,1996,M,BEL,Royal Brussels Poseidon,56.56,t
4682533,VAN LAERE,Matthew,1998,M,BEL,Zwemclub Schoten,56.56,t
4863808,LEDUC,Thomas,2005,M,BEL,Liege Mosan,56.56,t
4074366,CORNU,Bert,1989,M,BEL,Meetjesland-Gent Alliantie Zwemteam,56.57,t
4304970,DE BUSSCHERE,Nick,1991,M,BEL,Swimming Club Strombeek-Grimbe,56.57,t
5003056,ALBATRO,Mohamed,2001,M,BEL,Cercle Royal De Natation De Br,56.57,t
4334621,VAN HAMME,Sem,1992,M,BEL,Meetjesland-Gent Alliantie Zwemteam,56.58,t
4805112,CARPENTIER,Samuel,1989,M,BEL,Zwemclub Brabo Antwerpen,56.58,t
5089902,DESARD,Wout,2005,M,BEL,Zwemclub Kapelle-O/D-Bos,56.58,t
4924720,SERDONS,Tade,2004,M,BEL,De Beringse Tuimelaars,56.58,t
5321558,VALCKE,Lars,2007,M,BEL,Koninklijke Brugse Zwem- & Red,56.58,t
4805067,PINTE,Kevin,1984,M,BEL,Zoro,56.59,t
4805337,ROCHEZ,Benjamin,1992,M,BEL,Mons Hainaut Natation,56.59,t
4308834,LACEUR,Joni,1998,M,BEL,Brabant East Swimming Team,56.59,t
5036233,THIERENS,Jarno,1998,M,BEL,Swimming Team Waasland,56.59,t
4246957,FATICONI,Sylvain,1983,M,BEL,Chaudfontaine Thermale Natatio,56.60,t
4304712,CARLIER,Nicolas,1996,M,BEL,Ecole De Natation Waremmienne,56.60,t
4418679,VERHULSEL,Sander,1999,M,BEL,Zwemvereniging Lier,56.60,t
4828214,VERBRUGGE,Mats,1998,M,BEL,Zwemclub Schoten,56.60,t
4805407,LONSAIN,Johan,1990,M,BEL,Zwemclub Tremelo,56.61,t
4805338,GOOSSENS,Roy,1990,M,BEL,Peltse Zwemclub,56.61,t
4399998,DE SMET,Guillaume,1999,M,BEL,Braine L'alleud Aqua College,56.61,t
4733763,DRIJVERS,Johannes,2001,M,BEL,Brabant East Swimming Team,56.61,t
5106639,RIHON,Bastien,2006,M,BEL,Ecole Seraing Natation,56.61,t
4170684,VAN SEVENANT,Jeroen,1989,M,BEL,Koninklijke Brugse Zwem- & Red,56.62,t
4804473,VAN DE WEYER,Tijs,1990,M,BEL,Zwemclub Brabo Antwerpen,56.62,t
4295837,TORMANS,Jasper,1998,M,BEL,Brabant East Swimming Team,56.62,t
4929105,HUSQUINET,Louis,2005,M,BEL,Liege Mosan,56.62,t
4200086,ARNET,Edvard,1990,M,BEL,Royal Brussels Poseidon,56.63,t
4311193,ALDRIC,Martial,1997,M,BEL,Mons Hainaut Natation,56.63,t
4805211,BOERHAVE,Gilles,1992,M,BEL,Ursus Zwemklub Zwevegem,56.64,t
4305911,HOUGARDY,Loic,1997,M,BEL,Ecole De Natation Waremmienne,56.64,t
5349866,MERGEAY,Noah,2008,M,BEL,Tiense Regio United Swimming Team,56.64,t
5398630,KINO,Ernest,2007,M,BEL,Koninklijke Waregemse Zwemclub,56.64,t
4139761,BAEYENS,Lars,1995,M,BEL,Shark,56.65,t
4608381,VAN DEN BEMPT,Michiel,2001,M,BEL,Tiense Zwemmers,56.65,t
5003034,MORREALE,Matheo,2003,M,BEL,Ecole Seraing Natation,56.65,t
4199994,LAUREYS,Jeroen,1993,M,BEL,Swimming Team Waasland,56.66,t
4199984,DIERCKX,Stijn,1996,M,BEL,Zwemclub Brabo Antwerpen,56.66,t
4219622,KENIS,Rabauke,1996,M,BEL,Shark,56.66,t
4894189,VANDECANDELAERE,Jerome,2002,M,BEL,Izegemse Krekel Zwemmers,56.66,t
4804924,DELCOURT,Simon,1987,M,BEL,Orca Natation Soignies,56.67,t
4303609,MILANTS,Jan,1985,M,BEL,Dendermondse Zwemvereniging Ol,56.67,t
4344219,VAN LIMBERGEN,Kyle,1999,M,BEL,Zwemclub Geel,56.67,t
4984898,BOLLEN,Vincent,2004,M,BEL,Leuven Aquatics,56.67,t
5292324,MOULAERT,Tiemo,2009,M,BEL,"Zwemclub ""de Dolfijnen"" Asse-T",56.67,t
4334561,QIU,Marc,1994,M,BEL,Royal Ensival Natation,56.68,t
4615250,LAMBRECHT,Arno,1994,M,BEL,Koninklijke Kortrijkse Zwemkri,56.68,t
4637081,CLAES,Tom,2001,M,BEL,Zwemclub Tremelo,56.68,t
5349883,CAROEN,Sander,2005,M,BEL,Royal Ostend Swimming Club,56.68,t
4349600,HAECK,Jan,1996,M,BEL,Swimming Team Tienen,56.69,t
4583408,TABI,Mehdi,1995,M,BEL,Charleroi Helios Aqua Team,56.69,t
5251239,SMET,Alexander,2006,M,BEL,Dendermondse Zwemvereniging Ol,56.69,t
5251241,DRIES,Klaas,2007,M,BEL,Zwemclub Geel,56.69,t
4804874,DE CRAEMER,Thomas,1988,M,BEL,Zwemclub Tieltse Zeeduivels,56.70,t
4805362,TIMMERMANS,Ruben,1993,M,BEL,Shark,56.70,t
4805204,MELDERS,Beau,1994,M,BEL,Zwemvereniging De Meerkoet Bre,56.70,t
4302756,THIELENS,Michiel,1995,M,BEL,Groot Beverse Zwemclub,56.70,t
4805374,PLUMACHER,Marc,1994,M,BEL,Schwimmverein Delphin Eupen,56.70,t
5443378,VOLDERS,Arne,2010,M,BEL,Zwemclub Brabo Antwerpen,56.70,t
4303472,BRAHAM,Kevin,1983,M,BEL,Royal Verviers Natation,56.71,t
4804857,GRAULICH,Quinten,1988,M,BEL,Zwemclub Tremelo,56.71,t
4804507,DESSOY,Quentin,1991,M,BEL,Charleroi Helios Aqua Team,56.71,t
4608370,RICQUIER,Joachim,2001,M,BEL,Koninklijke Aarschotse Zwemclub Schoonhoven,56.71,t
4942807,VAN HYFTE,Lennard,2004,M,BEL,Meetjesland-Gent Alliantie Zwemteam,56.71,t
4804446,DUMON,Raphael,1989,M,BEL,"Blocry, Ottignies Et Univ.L.L.",56.72,t
4306953,RAYEN,Martijn,1992,M,BEL,Zwemclub Beringen-Mijn,56.72,t
4139800,VAN EYKEN,Maarten,1995,M,BEL,Zwemclub Tremelo,56.72,t
5427428,BHIJA,Tariq,2010,M,BEL,Koninklijke Waregemse Zwemclub,56.73,t
4804523,COUNSON,Charles,1992,M,BEL,Royal Verviers Natation,56.74,t
4717416,BEULEN,Cesar,2001,M,BEL,Koninklijke Brugse Zwem- & Red,56.74,t
5125425,BOODTS,Gerben,2007,M,BEL,Temse Schelde Zwemmers,56.74,t
4805193,LUYTEN,Didier,1992,M,BEL,De Beringse Tuimelaars,56.75,t
4755110,VERMEERSCH,Sebastien,1997,M,BEL,Iswim,56.75,t
4745993,HUYS,Robin,1999,M,BEL,Genker Zwemvereniging Neptunus,56.75,t
5281079,CLAESKENS,Milan,2006,M,BEL,De Beringse Tuimelaars,56.75,t
4170686,VAN DER STRAETEN,Sybren,1987,M,BEL,"Zwemclub ""de Dolfijnen"" Asse-T",56.76,t
4068853,MICHOTTE,Hadrien,1989,M,BEL,Cercle De Natation Sportcity W,56.76,t
4308771,HALLEZ,Alexandre,1992,M,BEL,Barracuda Club Saint-Ghislain,56.76,t
4778996,MONCHY,Wouter,1985,M,BEL,Aquarius Zwemclub Lebbeke,56.76M,t
4400061,VOLCHER,Steven,1997,M,BEL,Mons Hainaut Natation,56.76,t
4304733,CLAES,Arnaud,1997,M,BEL,Koninklijke Aarschotse Zwemclub Schoonhoven,56.76,t
4828167,GOOSSENS,Jan,1968,M,BEL,Genker Zwemvereniging Neptunus,56.76M,t
5346698,WATTIAUX,Thomas,2010,M,BEL,Mons Hainaut Natation,56.76,t
4804290,DESFOSSES,Bernd,1987,M,BEL,Zwemclub Brabo Antwerpen,56.77,t
4303469,BOUQUEGNEAU,Antoine,1986,M,BEL,Flipper Natation Club Saint-Ge,56.78,t
4299601,WOUTERS,Jannes,1996,M,BEL,Koninklijke Aarschotse Zwemclub Schoonhoven,56.78,t
4564603,MARECHAL,Tiziano,1999,M,BEL,Koninklijke Brugse Zwem- & Red,56.78,t
4139796,VERSTRAETE,Joren,1995,M,BEL,Bruinvissen Diksmuide,56.78,t
4415395,MAUDOUX,Loic,2006,M,BEL,Cercle De Natation Jodoignois,56.78,t
4804915,DEVREEZE,Thomas,1986,M,BEL,Meetjesland-Gent Alliantie Zwemteam,56.79,t
4185175,DENYS,Siebert,1991,M,BEL,Koninklijke Kortrijkse Zwemkri,56.79,t
5102980,NELIS,Michiel,2006,M,BEL,Shark,56.79,t
4805275,DECOENE,Bert,1992,M,BEL,Gold Swimming Team,56.80,t
4139970,LEYSEN,Loic,1995,M,BEL,Waterloo Natation,56.80,t
4309029,SINNAEVE,Keanu,1996,M,BEL,Koninklijke Kortrijkse Zwemkri,56.80,t
4804575,TIMMERS,Pieter,1988,M,BEL,Zwemclub Brabo Antwerpen,46.54,t
4074321,AERENTS,Jasper,1992,M,BEL,Koninklijke Brugse Zwem- & Red,47.24,t
4805116,DEKONINCK,Marnik,1993,M,BEL,Zwemclub Brabo Antwerpen,49.45,t
5169413,LAMMENS,Seppe,2007,M,BEL,Ursus Zwemklub Zwevegem,50.72,t
4308630,DEMEULENAERE,Dries,1992,M,BEL,Meetjesland-Gent Alliantie Zwemteam,51.24,t
4804362,STEVENHEYDENS,Gino,1986,M,BEL,Zwemclub Brabo Antwerpen,51.27,t
4794145,VAN HEERS,Yannick,1987,M,BEL,Swimming Team Tienen,51.36,t
4779088,DOBBELAERE,Bram,1997,M,BEL,Meetjesland-Gent Alliantie Zwemteam,51.69,t
4828012,DAVID,Loeka,2003,M,BEL,Meetjesland-Gent Alliantie Zwemteam,52.37,t
4805031,SAPIEHA,Nicolas,1986,M,BEL,Swimming Club Rixensart,52.49,t
5208826,WAERNIERS,Bere,2008,M,BEL,Torhoutse Zwemklub Thor,52.65,t
4805253,HOLSTEENS,Kristof,1991,M,BEL,Genker Zwemvereniging Neptunus,52.88,t
4925165,DEVOLDERE,Henri,2004,M,BEL,Ursus Zwemklub Zwevegem,53.03,t
5427429,D'HAESELEER,Briek,2007,M,BEL,Zwemclub De Dolfijnen Middelke,53.25,t
5167502,VANGAMPELAERE,Milan,2005,M,BEL,Meetjesland-Gent Alliantie Zwemteam,53.38,t
4959498,ROELSTRAETE,Wout,2003,M,BEL,Meetjesland-Gent Alliantie Zwemteam,55.80,t
4074857,HOLLEVOET,Jonas,1991,M,BEL,Val De Mehaigne Natation Wanze,55.89,t
4200210,VAN DEN EYNDE,Mathias,1990,M,BEL,Zwemclub Brabo Antwerpen,55.90,t
4363350,BROUWER,Matthijs,1999,M,BEL,Brabant East Swimming Team,55.98,t
4804366,BARTHOLOMEUS,Pieter,1984,M,BEL,Meetjesland-Gent Alliantie Zwemteam,56.03,t
4307498,VAN CAUTEREN,Jens,1993,M,BEL,Koninklijke Racing Swimming Cl,56.13,t
4308478,VAN LANGENHOVE,Simon,1991,M,BEL,Aquarius Zwemclub Lebbeke,56.16,t
4185173,DECOCK,Lucas,1991,M,BEL,Koninklijke Kortrijkse Zwemkri,56.24,t
4804321,DEVAUX,Charles-Hubert,1987,M,BEL,Cercle Royal De Natation De To,56.30,t
4805317,MERCY,Alain,1990,M,BEL,Nautic Club Herve,56.31,t
4308519,BEECKMAN,Gert-jan,1991,M,BEL,Swimming Club Wauterbos Rode,56.32,t
4922561,MEDLAND,Dirk,1969,M,BEL,Genker Zwemvereniging Neptunus,56.40M,t
4320466,MAKBOULIAN,Tyron,2008,M,BEL,Swimming Team Waasland,56.45,t
4299669,GATHY,Julien,1984,M,BEL,Nautic Club Herve,56.54,t
5355016,D'ESPALLIER,Daan,2009,M,BEL,Zwemclub Brabo Antwerpen,56.54,t
4805296,DE MEULENAERE,Felten,1994,M,BEL,Meetjesland-Gent Alliantie Zwemteam,56.61,t
4804298,VERSCHEURE,Tim,1986,M,BEL,Zwemclub Brabo Antwerpen,56.68,t
4299611,FIANDACA,Lorenzo,1996,M,BEL,Entente Des Nageurs Louvierois Natation,56.74,t
4927876,CULLUS,Celian,2002,M,BEL,Braine-L'Alleud Waterloo Swimming Team,56.75,t
4645948,HENDRICKX,Viktor,2000,M,BEL,AART-Lorelei-Zwemvereniging,56.75,t
4804891,BUELENS,Hans,1986,M,BEL,Fast Antwerp Swimming Team,54.87,t
5251227,COMMEENE,Jasper,2007,M,BEL,Bruinvissen Diksmuide,54.93,t
5210545,VAN DEN BOSCH,Frederic,2008,M,BEL,Koninklijke Racing Swimming Cl,54.98,t
4804323,BEERENS,Matthias,1990,M,BEL,Flanders Coast Swimmingteam,54.50,t
4804832,DELFERIERE,Kris,1992,M,BEL,Cercle De Natation Sportcity W,54.61,t
4804536,DE BARE DE COMOGNE,Brieuc,1991,M,BEL,Swimming Club Wauterbos Rode,55.06,t
4859025,BALHAUT,Augustin,2003,M,BEL,Belgium,55.44,t
4139124,LAMBERT,Gatien,1991,M,BEL,Natation Club Athus,55.45,t
4074962,KELDERMAN,Roel,1989,M,BEL,Zwemclub Brabo Antwerpen,55.50,t
4098765,EMONDS-ALT,Jonathan,1986,M,BEL,Ecole Seraing Natation,55.59,t
4804354,DEPOORTERE,Jelle,1990,M,BEL,Koninklijke Kortrijkse Zwemkri,55.65,t
4805058,LANGASKENS,Willem-Jan,1989,M,BEL,Meetjesland-Gent Alliantie Zwemteam,54.63,t
4828296,EECKHOUT,Emile,2001,M,BEL,"Blocry, Ottignies Et Univ.L.L.",54.65,t
5047576,DEHAUDT,Fernando,2005,M,BEL,Gold Swimming Team,54.76,t
4308835,LAERMANS,Sebastien,1987,M,BEL,Koninklijke Vilvoordse Zwemclu,54.86,t
4917701,DE SMET,Laurens,2000,M,BEL,Meetjesland-Gent Alliantie Zwemteam,53.52,t
4074842,DIDDEN,Matthias,1989,M,BEL,Genker Zwemvereniging Neptunus,53.65,t
4804285,WOUTERS,Roel,1985,M,BEL,Brabant East Swimming Team,53.83,t
4622206,SEBILLE,Corenthin,1999,M,BEL,Entente Des Nageurs Louvierois Natation,53.94,t
4200228,FUCHS,Stefan,1991,M,BEL,Zwemclub Brabo Antwerpen,53.98,t
5099282,VAN DER HAEGHEN,Siebe,2005,M,BEL,First (Flanders Inter Regio Sw,54.07,t
4913573,STOUTEN,Louka,1999,M,BEL,Swimming Team Zennevallei,54.20,t
4309090,VAN DAMME,Maarten,1994,M,BEL,Meetjesland-Gent Alliantie Zwemteam,54.29,t
4098769,ROEBROECK,Philippe,1985,M,BEL,Ecole Seraing Natation,54.34,t
5401289,BAEYE,Leon,2008,M,BEL,Meetjesland-Gent Alliantie Zwemteam,54.37,t
